Amostra_ID,N_gkg,P_gkg,K_gkg,Ca_gkg,Mg_gkg,S_gkg,B_mgkg,Cu_mgkg,Fe_mgkg,Mn_mgkg,Zn_mgkg,I_N,I_P,I_K,I_Ca,I_Mg,I_S,I_B,I_Cu,I_Fe,I_Mn,I_Zn,IBN,Produto_Recomendado,Dose_L_Kg_ha,Garantia_N_pct,Garantia_P2O5_pct,Garantia_K2O_pct,Garantia_Ca_pct,Garantia_Mg_pct,Garantia_S_pct,Garantia_B_pct,Garantia_Cu_pct,Garantia_Fe_pct,Garantia_Mn_pct,Garantia_Zn_pct,Garantias_JSON,Produtividade_sc_ha,Produtividade_kg_ha
AM-0001,46.99,3.73,21.3,10.28,5.27,3.41,49.48,17.3,108.26,83.14,32.22,5.97,-1.68,7.8,18.24,-2.76,-2.7,18.96,9.2,-5.64,6.51,-5.56,85.02,NENHUM,0.0,0.0,0.0,0.0,0.0,0.0,0.0,0.0,0.0,0.0,0.0,0.0,"{""N"": 0.0, ""P2O5"": 0.0, ""K2O"": 0.0, ""Ca"": 0.0, ""Mg"": 0.0, ""S"": 0.0, ""B"": 0.0, ""Cu"": 0.0, ""Fe"": 0.0, ""Mn"": 0.0, ""Zn"": 0.0}",51.03,3061.8
AM-0002,45.97,2.84,16.55,7.16,4.49,3.63,34.55,10.76,156.64,71.61,35.41,2.91,-23.04,-20.7,-6.72,-12.12,3.9,-10.9,-16.96,17.59,-2.71,0.82,118.37,MAP PURIFICADO,3.0,12.0,61.0,0.0,0.0,0.0,0.0,0.0,0.0,0.0,0.0,0.0,"{""N"": 12.0, ""P2O5"": 61.0, ""K2O"": 0.0, ""Ca"": 0.0, ""Mg"": 0.0, ""S"": 0.0, ""B"": 0.0, ""Cu"": 0.0, ""Fe"": 0.0, ""Mn"": 0.0, ""Zn"": 0.0}",52.77,3166.2
AM-0003,45.49,3.54,18.8,9.42,5.79,3.25,33.87,14.51,106.66,74.92,33.62,1.47,-6.24,-7.2,11.36,3.48,-7.5,-12.26,-1.96,-6.4,-0.06,-2.76,60.69,BORO 15,3.2,0.0,0.0,0.0,0.0,0.0,0.0,15.0,0.0,0.0,0.0,0.0,"{""N"": 0.0, ""P2O5"": 0.0, ""K2O"": 0.0, ""Ca"": 0.0, ""Mg"": 0.0, ""S"": 0.0, ""B"": 15.0, ""Cu"": 0.0, ""Fe"": 0.0, ""Mn"": 0.0, ""Zn"": 0.0}",67.26,4035.6
AM-0004,45.84,2.82,17.34,8.3,6.24,3.57,39.31,14.1,83.04,64.2,32.24,2.52,-23.52,-15.96,2.4,8.88,2.1,-1.38,-3.6,-17.74,-8.64,-5.52,92.26,MAP PURIFICADO,2.2,12.0,61.0,0.0,0.0,0.0,0.0,0.0,0.0,0.0,0.0,0.0,"{""N"": 12.0, ""P2O5"": 61.0, ""K2O"": 0.0, ""Ca"": 0.0, ""Mg"": 0.0, ""S"": 0.0, ""B"": 0.0, ""Cu"": 0.0, ""Fe"": 0.0, ""Mn"": 0.0, ""Zn"": 0.0}",65.72,3943.2
AM-0005,40.48,3.87,21.16,9.33,6.39,3.8,38.76,13.13,82.3,91.49,33.93,-13.56,1.68,6.96,10.64,10.68,9.0,-2.48,-7.48,-18.1,13.19,-2.14,95.91,NENHUM,0.0,0.0,0.0,0.0,0.0,0.0,0.0,0.0,0.0,0.0,0.0,0.0,"{""N"": 0.0, ""P2O5"": 0.0, ""K2O"": 0.0, ""Ca"": 0.0, ""Mg"": 0.0, ""S"": 0.0, ""B"": 0.0, ""Cu"": 0.0, ""Fe"": 0.0, ""Mn"": 0.0, ""Zn"": 0.0}",48.12,2887.2
AM-0006,49.72,3.35,21.67,8.44,4.46,3.47,45.84,17.39,157.39,80.07,55.23,14.16,-10.8,10.02,3.52,-12.48,-0.9,11.68,9.56,17.95,4.06,40.46,135.59,SULFAMAG,2.6,0.0,0.0,22.0,0.0,18.0,22.0,0.0,0.0,0.0,0.0,0.0,"{""N"": 0.0, ""P2O5"": 0.0, ""K2O"": 22.0, ""Ca"": 0.0, ""Mg"": 18.0, ""S"": 22.0, ""B"": 0.0, ""Cu"": 0.0, ""Fe"": 0.0, ""Mn"": 0.0, ""Zn"": 0.0}",42.81,2568.6
AM-0007,45.35,3.65,20.18,5.02,5.28,3.64,48.87,13.45,99.79,67.47,40.49,1.05,-3.6,1.08,-23.84,-2.64,4.2,17.74,-6.2,-9.7,-6.02,10.98,87.05,NENHUM,0.0,0.0,0.0,0.0,0.0,0.0,0.0,0.0,0.0,0.0,0.0,0.0,"{""N"": 0.0, ""P2O5"": 0.0, ""K2O"": 0.0, ""Ca"": 0.0, ""Mg"": 0.0, ""S"": 0.0, ""B"": 0.0, ""Cu"": 0.0, ""Fe"": 0.0, ""Mn"": 0.0, ""Zn"": 0.0}",52.45,3147.0
AM-0008,42.88,4.06,20.19,9.45,4.8,3.37,37.65,10.61,127.4,78.92,35.03,-6.36,6.24,1.14,11.6,-8.4,-3.9,-4.7,-17.56,3.55,3.14,0.06,66.65,NENHUM,0.0,0.0,0.0,0.0,0.0,0.0,0.0,0.0,0.0,0.0,0.0,0.0,"{""N"": 0.0, ""P2O5"": 0.0, ""K2O"": 0.0, ""Ca"": 0.0, ""Mg"": 0.0, ""S"": 0.0, ""B"": 0.0, ""Cu"": 0.0, ""Fe"": 0.0, ""Mn"": 0.0, ""Zn"": 0.0}",56.75,3405.0
AM-0009,39.34,3.59,19.31,6.8,5.34,3.66,51.32,15.52,126.44,73.88,23.49,-16.98,-5.04,-4.14,-9.6,-1.92,4.8,22.64,2.08,3.09,-0.9,-23.02,94.21,SULFATO DE ZINCO,2.2,0.0,0.0,0.0,0.0,0.0,10.0,0.0,0.0,0.0,0.0,20.0,"{""N"": 0.0, ""P2O5"": 0.0, ""K2O"": 0.0, ""Ca"": 0.0, ""Mg"": 0.0, ""S"": 10.0, ""B"": 0.0, ""Cu"": 0.0, ""Fe"": 0.0, ""Mn"": 0.0, ""Zn"": 20.0}",62.19,3731.4
AM-0010,45.41,3.58,18.68,8.01,5.98,3.4,36.55,13.74,128.5,74.89,39.6,1.23,-5.28,-7.92,0.08,5.76,-3.0,-6.9,-5.04,4.08,-0.09,9.2,48.58,K-FOL,3.4,0.0,10.0,40.0,0.0,0.0,2.0,0.0,0.0,0.0,0.0,0.0,"{""N"": 0.0, ""P2O5"": 10.0, ""K2O"": 40.0, ""Ca"": 0.0, ""Mg"": 0.0, ""S"": 2.0, ""B"": 0.0, ""Cu"": 0.0, ""Fe"": 0.0, ""Mn"": 0.0, ""Zn"": 0.0}",64.3,3858.0
AM-0011,48.16,3.35,22.81,5.9,6.09,4.38,34.06,13.3,122.49,67.45,25.7,9.48,-10.8,16.86,-16.8,7.08,26.4,-11.88,-6.8,1.2,-6.04,-18.6,131.94,SULFATO DE ZINCO,3.1,0.0,0.0,0.0,0.0,0.0,10.0,0.0,0.0,0.0,0.0,20.0,"{""N"": 0.0, ""P2O5"": 0.0, ""K2O"": 0.0, ""Ca"": 0.0, ""Mg"": 0.0, ""S"": 10.0, ""B"": 0.0, ""Cu"": 0.0, ""Fe"": 0.0, ""Mn"": 0.0, ""Zn"": 20.0}",50.19,3011.4
AM-0012,47.15,3.34,21.24,7.76,5.11,3.15,37.86,16.67,146.1,82.9,43.18,6.45,-11.04,7.44,-1.92,-4.68,-10.5,-4.28,6.68,12.53,6.32,16.36,88.2,MAP PURIFICADO,2.1,12.0,61.0,0.0,0.0,0.0,0.0,0.0,0.0,0.0,0.0,0.0,"{""N"": 12.0, ""P2O5"": 61.0, ""K2O"": 0.0, ""Ca"": 0.0, ""Mg"": 0.0, ""S"": 0.0, ""B"": 0.0, ""Cu"": 0.0, ""Fe"": 0.0, ""Mn"": 0.0, ""Zn"": 0.0}",63.66,3819.6
AM-0013,46.04,4.19,17.53,6.02,6.02,3.62,41.5,16.04,103.0,78.48,36.76,3.12,9.36,-14.82,-15.84,6.24,3.6,3.0,4.16,-8.16,2.78,3.52,74.6,NENHUM,0.0,0.0,0.0,0.0,0.0,0.0,0.0,0.0,0.0,0.0,0.0,0.0,"{""N"": 0.0, ""P2O5"": 0.0, ""K2O"": 0.0, ""Ca"": 0.0, ""Mg"": 0.0, ""S"": 0.0, ""B"": 0.0, ""Cu"": 0.0, ""Fe"": 0.0, ""Mn"": 0.0, ""Zn"": 0.0}",53.33,3199.8
AM-0014,52.46,4.04,17.62,8.98,4.53,3.81,46.95,12.54,144.08,81.19,39.93,22.38,5.76,-14.28,7.84,-11.64,9.3,13.9,-9.84,11.56,4.95,9.86,121.31,K-FOL,1.7,0.0,10.0,40.0,0.0,0.0,2.0,0.0,0.0,0.0,0.0,0.0,"{""N"": 0.0, ""P2O5"": 10.0, ""K2O"": 40.0, ""Ca"": 0.0, ""Mg"": 0.0, ""S"": 2.0, ""B"": 0.0, ""Cu"": 0.0, ""Fe"": 0.0, ""Mn"": 0.0, ""Zn"": 0.0}",54.29,3257.4
AM-0015,39.52,3.41,21.76,7.64,6.71,3.72,56.41,15.28,84.84,74.48,29.22,-16.44,-9.36,10.56,-2.88,14.52,6.6,32.82,1.12,-16.88,-0.42,-11.56,123.16,NENHUM,0.0,0.0,0.0,0.0,0.0,0.0,0.0,0.0,0.0,0.0,0.0,0.0,"{""N"": 0.0, ""P2O5"": 0.0, ""K2O"": 0.0, ""Ca"": 0.0, ""Mg"": 0.0, ""S"": 0.0, ""B"": 0.0, ""Cu"": 0.0, ""Fe"": 0.0, ""Mn"": 0.0, ""Zn"": 0.0}",43.96,2637.6
AM-0016,45.17,3.73,19.75,9.11,5.05,3.81,46.27,13.97,96.85,67.31,39.26,0.51,-1.68,-1.5,8.88,-5.4,9.3,12.54,-4.12,-11.11,-6.15,8.52,69.71,NENHUM,0.0,0.0,0.0,0.0,0.0,0.0,0.0,0.0,0.0,0.0,0.0,0.0,"{""N"": 0.0, ""P2O5"": 0.0, ""K2O"": 0.0, ""Ca"": 0.0, ""Mg"": 0.0, ""S"": 0.0, ""B"": 0.0, ""Cu"": 0.0, ""Fe"": 0.0, ""Mn"": 0.0, ""Zn"": 0.0}",56.71,3402.6
AM-0017,47.52,4.68,20.46,6.79,6.56,3.52,45.23,18.2,96.02,95.73,40.43,7.56,21.12,2.76,-9.68,12.72,0.6,10.46,12.8,-11.51,16.58,10.86,116.65,NENHUM,0.0,0.0,0.0,0.0,0.0,0.0,0.0,0.0,0.0,0.0,0.0,0.0,"{""N"": 0.0, ""P2O5"": 0.0, ""K2O"": 0.0, ""Ca"": 0.0, ""Mg"": 0.0, ""S"": 0.0, ""B"": 0.0, ""Cu"": 0.0, ""Fe"": 0.0, ""Mn"": 0.0, ""Zn"": 0.0}",41.83,2509.8
AM-0018,46.22,3.93,20.05,9.31,6.94,3.5,47.99,17.96,125.81,77.64,28.08,3.66,3.12,0.3,10.48,17.28,0.0,15.98,11.84,2.79,2.11,-13.84,81.4,SULFATO DE ZINCO,1.7,0.0,0.0,0.0,0.0,0.0,10.0,0.0,0.0,0.0,0.0,20.0,"{""N"": 0.0, ""P2O5"": 0.0, ""K2O"": 0.0, ""Ca"": 0.0, ""Mg"": 0.0, ""S"": 10.0, ""B"": 0.0, ""Cu"": 0.0, ""Fe"": 0.0, ""Mn"": 0.0, ""Zn"": 20.0}",56.74,3404.4
AM-0019,43.06,3.84,24.63,5.2,6.19,2.85,37.17,18.27,121.61,58.83,30.71,-5.82,0.96,27.78,-22.4,8.28,-19.5,-5.66,13.08,0.77,-12.94,-8.58,125.77,NENHUM,0.0,0.0,0.0,0.0,0.0,0.0,0.0,0.0,0.0,0.0,0.0,0.0,"{""N"": 0.0, ""P2O5"": 0.0, ""K2O"": 0.0, ""Ca"": 0.0, ""Mg"": 0.0, ""S"": 0.0, ""B"": 0.0, ""Cu"": 0.0, ""Fe"": 0.0, ""Mn"": 0.0, ""Zn"": 0.0}",42.48,2548.8
AM-0020,42.08,3.91,20.09,7.02,7.64,3.75,27.85,15.56,103.46,87.79,30.24,-8.76,2.64,0.54,-7.84,25.68,7.5,-24.3,2.24,-7.94,10.23,-9.52,107.19,BORO 15,1.6,0.0,0.0,0.0,0.0,0.0,0.0,15.0,0.0,0.0,0.0,0.0,"{""N"": 0.0, ""P2O5"": 0.0, ""K2O"": 0.0, ""Ca"": 0.0, ""Mg"": 0.0, ""S"": 0.0, ""B"": 15.0, ""Cu"": 0.0, ""Fe"": 0.0, ""Mn"": 0.0, ""Zn"": 0.0}",58.38,3502.8
AM-0021,41.91,4.63,19.33,7.52,5.82,2.86,45.67,18.8,129.43,99.77,27.04,-9.27,19.92,-4.02,-3.84,3.84,-19.2,11.34,15.2,4.53,19.82,-15.92,126.9,SULFAMAG,2.1,0.0,0.0,22.0,0.0,18.0,22.0,0.0,0.0,0.0,0.0,0.0,"{""N"": 0.0, ""P2O5"": 0.0, ""K2O"": 22.0, ""Ca"": 0.0, ""Mg"": 18.0, ""S"": 22.0, ""B"": 0.0, ""Cu"": 0.0, ""Fe"": 0.0, ""Mn"": 0.0, ""Zn"": 0.0}",55.53,3331.8
AM-0022,50.07,3.45,20.89,9.16,4.57,3.48,20.55,11.93,113.69,56.28,44.79,15.21,-8.4,5.34,9.28,-11.16,-0.6,-38.9,-12.28,-3.03,-14.98,19.58,138.76,BORO 15,3.1,0.0,0.0,0.0,0.0,0.0,0.0,15.0,0.0,0.0,0.0,0.0,"{""N"": 0.0, ""P2O5"": 0.0, ""K2O"": 0.0, ""Ca"": 0.0, ""Mg"": 0.0, ""S"": 0.0, ""B"": 15.0, ""Cu"": 0.0, ""Fe"": 0.0, ""Mn"": 0.0, ""Zn"": 0.0}",56.5,3390.0
AM-0023,44.49,3.57,20.12,11.52,5.9,3.86,38.79,15.18,136.18,76.89,23.62,-1.53,-5.52,0.72,28.16,4.8,10.8,-2.42,0.72,7.77,1.51,-22.76,86.71,SULFATO DE ZINCO,3.1,0.0,0.0,0.0,0.0,0.0,10.0,0.0,0.0,0.0,0.0,20.0,"{""N"": 0.0, ""P2O5"": 0.0, ""K2O"": 0.0, ""Ca"": 0.0, ""Mg"": 0.0, ""S"": 10.0, ""B"": 0.0, ""Cu"": 0.0, ""Fe"": 0.0, ""Mn"": 0.0, ""Zn"": 20.0}",68.34,4100.4
AM-0024,53.53,2.82,19.7,8.88,5.78,3.25,38.75,13.52,105.27,87.74,37.14,25.59,-23.52,-1.8,7.04,3.36,-7.5,-2.5,-5.92,-7.07,10.19,4.28,98.77,MAP PURIFICADO,3.1,12.0,61.0,0.0,0.0,0.0,0.0,0.0,0.0,0.0,0.0,0.0,"{""N"": 12.0, ""P2O5"": 61.0, ""K2O"": 0.0, ""Ca"": 0.0, ""Mg"": 0.0, ""S"": 0.0, ""B"": 0.0, ""Cu"": 0.0, ""Fe"": 0.0, ""Mn"": 0.0, ""Zn"": 0.0}",60.48,3628.8
AM-0025,46.45,4.09,18.74,9.32,6.05,3.22,29.27,11.34,103.27,92.43,44.32,4.35,6.96,-7.56,10.56,6.6,-8.4,-21.46,-14.64,-8.03,13.94,18.64,121.14,BORO 15,3.4,0.0,0.0,0.0,0.0,0.0,0.0,15.0,0.0,0.0,0.0,0.0,"{""N"": 0.0, ""P2O5"": 0.0, ""K2O"": 0.0, ""Ca"": 0.0, ""Mg"": 0.0, ""S"": 0.0, ""B"": 15.0, ""Cu"": 0.0, ""Fe"": 0.0, ""Mn"": 0.0, ""Zn"": 0.0}",53.92,3235.2
AM-0026,50.22,3.81,21.36,7.53,5.82,3.45,40.58,16.79,99.54,106.39,28.96,15.66,0.24,8.16,-3.76,3.84,-1.5,1.16,7.16,-9.82,25.11,-12.08,88.49,SULFATO DE ZINCO,3.2,0.0,0.0,0.0,0.0,0.0,10.0,0.0,0.0,0.0,0.0,20.0,"{""N"": 0.0, ""P2O5"": 0.0, ""K2O"": 0.0, ""Ca"": 0.0, ""Mg"": 0.0, ""S"": 10.0, ""B"": 0.0, ""Cu"": 0.0, ""Fe"": 0.0, ""Mn"": 0.0, ""Zn"": 20.0}",55.36,3321.6
AM-0027,48.08,4.13,18.6,7.99,3.41,4.21,38.15,17.41,135.35,95.37,32.4,9.24,7.92,-8.4,-0.08,-25.08,21.3,-3.7,9.64,7.37,16.3,-5.2,114.23,SULFAMAG,3.6,0.0,0.0,22.0,0.0,18.0,22.0,0.0,0.0,0.0,0.0,0.0,"{""N"": 0.0, ""P2O5"": 0.0, ""K2O"": 22.0, ""Ca"": 0.0, ""Mg"": 18.0, ""S"": 22.0, ""B"": 0.0, ""Cu"": 0.0, ""Fe"": 0.0, ""Mn"": 0.0, ""Zn"": 0.0}",59.87,3592.2
AM-0028,43.12,3.92,17.1,5.89,4.78,3.41,41.87,19.43,141.44,72.6,34.89,-5.64,2.88,-17.4,-16.88,-8.64,-2.7,3.74,17.72,10.29,-1.92,-0.22,88.03,K-FOL,1.5,0.0,10.0,40.0,0.0,0.0,2.0,0.0,0.0,0.0,0.0,0.0,"{""N"": 0.0, ""P2O5"": 10.0, ""K2O"": 40.0, ""Ca"": 0.0, ""Mg"": 0.0, ""S"": 2.0, ""B"": 0.0, ""Cu"": 0.0, ""Fe"": 0.0, ""Mn"": 0.0, ""Zn"": 0.0}",57.85,3471.0
AM-0029,42.27,3.78,22.54,9.16,5.99,3.54,31.33,12.47,111.42,81.87,35.42,-8.19,-0.48,15.24,9.28,5.88,1.2,-17.34,-10.12,-4.12,5.5,0.84,78.19,BORO 15,4.0,0.0,0.0,0.0,0.0,0.0,0.0,15.0,0.0,0.0,0.0,0.0,"{""N"": 0.0, ""P2O5"": 0.0, ""K2O"": 0.0, ""Ca"": 0.0, ""Mg"": 0.0, ""S"": 0.0, ""B"": 15.0, ""Cu"": 0.0, ""Fe"": 0.0, ""Mn"": 0.0, ""Zn"": 0.0}",67.49,4049.4
AM-0030,45.39,3.41,20.05,8.75,6.95,3.88,52.92,12.7,141.81,77.75,48.14,1.17,-9.36,0.3,6.0,17.4,11.4,25.84,-9.2,10.47,2.2,26.28,119.62,MAP PURIFICADO,2.2,12.0,61.0,0.0,0.0,0.0,0.0,0.0,0.0,0.0,0.0,0.0,"{""N"": 12.0, ""P2O5"": 61.0, ""K2O"": 0.0, ""Ca"": 0.0, ""Mg"": 0.0, ""S"": 0.0, ""B"": 0.0, ""Cu"": 0.0, ""Fe"": 0.0, ""Mn"": 0.0, ""Zn"": 0.0}",45.62,2737.2
AM-0031,44.37,3.12,22.07,5.28,3.59,3.64,43.43,17.91,138.55,97.15,39.2,-1.89,-16.32,12.42,-21.76,-22.92,4.2,6.86,11.64,8.9,17.72,8.4,133.03,SULFAMAG,3.7,0.0,0.0,22.0,0.0,18.0,22.0,0.0,0.0,0.0,0.0,0.0,"{""N"": 0.0, ""P2O5"": 0.0, ""K2O"": 22.0, ""Ca"": 0.0, ""Mg"": 18.0, ""S"": 22.0, ""B"": 0.0, ""Cu"": 0.0, ""Fe"": 0.0, ""Mn"": 0.0, ""Zn"": 0.0}",52.55,3153.0
AM-0032,49.72,3.57,16.57,10.03,5.39,4.0,30.43,13.2,120.13,75.7,32.3,14.16,-5.52,-20.58,16.24,-1.32,15.0,-19.14,-7.2,0.06,0.56,-5.4,105.18,K-FOL,2.6,0.0,10.0,40.0,0.0,0.0,2.0,0.0,0.0,0.0,0.0,0.0,"{""N"": 0.0, ""P2O5"": 10.0, ""K2O"": 40.0, ""Ca"": 0.0, ""Mg"": 0.0, ""S"": 2.0, ""B"": 0.0, ""Cu"": 0.0, ""Fe"": 0.0, ""Mn"": 0.0, ""Zn"": 0.0}",59.78,3586.8
AM-0033,39.53,4.07,22.12,10.31,4.67,3.38,41.45,21.14,122.87,98.27,36.02,-16.41,6.48,12.72,18.48,-9.96,-3.6,2.9,24.56,1.38,18.62,2.04,117.15,QUIMIFOL 30 N,2.9,30.0,0.0,0.0,0.0,0.0,0.0,0.0,0.0,0.0,0.0,0.0,"{""N"": 30.0, ""P2O5"": 0.0, ""K2O"": 0.0, ""Ca"": 0.0, ""Mg"": 0.0, ""S"": 0.0, ""B"": 0.0, ""Cu"": 0.0, ""Fe"": 0.0, ""Mn"": 0.0, ""Zn"": 0.0}",55.61,3336.6
AM-0034,44.0,4.29,21.29,10.05,4.54,3.77,46.35,9.72,90.42,44.41,33.38,-3.0,11.76,7.74,16.4,-11.52,8.1,12.7,-21.12,-14.2,-24.47,-3.24,134.25,SULFATO DE Mn 31%,2.8,0.0,0.0,0.0,0.0,0.0,18.0,0.0,0.0,0.0,31.0,0.0,"{""N"": 0.0, ""P2O5"": 0.0, ""K2O"": 0.0, ""Ca"": 0.0, ""Mg"": 0.0, ""S"": 18.0, ""B"": 0.0, ""Cu"": 0.0, ""Fe"": 0.0, ""Mn"": 31.0, ""Zn"": 0.0}",54.3,3258.0
AM-0035,43.05,4.47,21.96,8.5,5.49,3.82,38.31,10.01,119.85,81.05,41.74,-5.85,16.08,11.76,4.0,-0.12,9.6,-3.38,-19.96,-0.07,4.84,13.48,89.14,NENHUM,0.0,0.0,0.0,0.0,0.0,0.0,0.0,0.0,0.0,0.0,0.0,0.0,"{""N"": 0.0, ""P2O5"": 0.0, ""K2O"": 0.0, ""Ca"": 0.0, ""Mg"": 0.0, ""S"": 0.0, ""B"": 0.0, ""Cu"": 0.0, ""Fe"": 0.0, ""Mn"": 0.0, ""Zn"": 0.0}",47.44,2846.4
AM-0036,44.51,3.76,17.8,8.73,6.25,3.38,52.33,14.04,108.83,67.86,30.11,-1.47,-0.96,-13.2,5.84,9.0,-3.6,24.66,-3.84,-5.36,-5.71,-9.78,83.42,K-FOL,1.7,0.0,10.0,40.0,0.0,0.0,2.0,0.0,0.0,0.0,0.0,0.0,"{""N"": 0.0, ""P2O5"": 10.0, ""K2O"": 40.0, ""Ca"": 0.0, ""Mg"": 0.0, ""S"": 2.0, ""B"": 0.0, ""Cu"": 0.0, ""Fe"": 0.0, ""Mn"": 0.0, ""Zn"": 0.0}",58.19,3491.4
AM-0037,44.57,3.28,18.89,6.2,7.46,3.51,35.8,15.64,117.19,71.69,38.69,-1.29,-12.48,-6.66,-14.4,23.52,0.3,-8.4,2.56,-1.35,-2.65,7.38,80.99,NENHUM,0.0,0.0,0.0,0.0,0.0,0.0,0.0,0.0,0.0,0.0,0.0,0.0,"{""N"": 0.0, ""P2O5"": 0.0, ""K2O"": 0.0, ""Ca"": 0.0, ""Mg"": 0.0, ""S"": 0.0, ""B"": 0.0, ""Cu"": 0.0, ""Fe"": 0.0, ""Mn"": 0.0, ""Zn"": 0.0}",55.22,3313.2
AM-0038,42.88,3.51,19.45,4.55,3.98,4.05,49.87,14.25,134.41,79.67,53.47,-6.36,-6.96,-3.3,-27.6,-18.24,16.5,19.74,-3.0,6.92,3.74,36.94,149.3,NENHUM,0.0,0.0,0.0,0.0,0.0,0.0,0.0,0.0,0.0,0.0,0.0,0.0,"{""N"": 0.0, ""P2O5"": 0.0, ""K2O"": 0.0, ""Ca"": 0.0, ""Mg"": 0.0, ""S"": 0.0, ""B"": 0.0, ""Cu"": 0.0, ""Fe"": 0.0, ""Mn"": 0.0, ""Zn"": 0.0}",38.0,2280.0
AM-0039,44.49,3.32,16.79,8.31,4.74,2.93,36.12,11.76,162.18,88.22,34.95,-1.53,-11.52,-19.26,2.48,-9.12,-17.1,-7.76,-12.96,20.25,10.58,-0.1,112.66,K-FOL,1.7,0.0,10.0,40.0,0.0,0.0,2.0,0.0,0.0,0.0,0.0,0.0,"{""N"": 0.0, ""P2O5"": 10.0, ""K2O"": 40.0, ""Ca"": 0.0, ""Mg"": 0.0, ""S"": 2.0, ""B"": 0.0, ""Cu"": 0.0, ""Fe"": 0.0, ""Mn"": 0.0, ""Zn"": 0.0}",58.3,3498.0
AM-0040,54.5,4.31,19.12,10.37,5.11,3.23,48.37,11.07,72.16,89.12,35.17,28.5,12.24,-5.28,18.96,-4.68,-8.1,16.74,-15.72,-22.96,11.3,0.34,144.82,NENHUM,0.0,0.0,0.0,0.0,0.0,0.0,0.0,0.0,0.0,0.0,0.0,0.0,"{""N"": 0.0, ""P2O5"": 0.0, ""K2O"": 0.0, ""Ca"": 0.0, ""Mg"": 0.0, ""S"": 0.0, ""B"": 0.0, ""Cu"": 0.0, ""Fe"": 0.0, ""Mn"": 0.0, ""Zn"": 0.0}",38.0,2280.0
AM-0041,43.55,3.68,19.08,7.06,5.12,3.33,35.03,13.36,57.43,85.27,37.34,-4.35,-2.88,-5.52,-7.52,-4.56,-5.1,-9.94,-6.56,-30.03,8.22,4.68,89.36,NENHUM,0.0,0.0,0.0,0.0,0.0,0.0,0.0,0.0,0.0,0.0,0.0,0.0,"{""N"": 0.0, ""P2O5"": 0.0, ""K2O"": 0.0, ""Ca"": 0.0, ""Mg"": 0.0, ""S"": 0.0, ""B"": 0.0, ""Cu"": 0.0, ""Fe"": 0.0, ""Mn"": 0.0, ""Zn"": 0.0}",50.77,3046.2
AM-0042,45.95,3.94,18.55,7.2,6.03,3.58,52.26,19.86,143.33,63.57,31.61,2.85,3.36,-8.7,-6.4,6.36,2.4,24.52,19.44,11.2,-9.14,-6.78,101.15,SULFATO DE Mn 31%,2.6,0.0,0.0,0.0,0.0,0.0,18.0,0.0,0.0,0.0,31.0,0.0,"{""N"": 0.0, ""P2O5"": 0.0, ""K2O"": 0.0, ""Ca"": 0.0, ""Mg"": 0.0, ""S"": 18.0, ""B"": 0.0, ""Cu"": 0.0, ""Fe"": 0.0, ""Mn"": 31.0, ""Zn"": 0.0}",50.36,3021.6
AM-0043,38.49,3.82,20.52,6.64,6.14,2.84,39.6,11.37,103.7,75.71,29.84,-19.53,0.48,3.12,-10.88,7.68,-19.8,-0.8,-14.52,-7.82,0.57,-10.32,95.52,SULFAMAG,1.7,0.0,0.0,22.0,0.0,18.0,22.0,0.0,0.0,0.0,0.0,0.0,"{""N"": 0.0, ""P2O5"": 0.0, ""K2O"": 22.0, ""Ca"": 0.0, ""Mg"": 18.0, ""S"": 22.0, ""B"": 0.0, ""Cu"": 0.0, ""Fe"": 0.0, ""Mn"": 0.0, ""Zn"": 0.0}",58.72,3523.2
AM-0044,42.59,4.18,22.21,9.16,4.78,4.47,29.38,11.9,124.24,76.34,37.93,-7.23,9.12,13.26,9.28,-8.64,29.1,-21.24,-12.4,2.04,1.07,5.86,119.24,BORO 15,3.6,0.0,0.0,0.0,0.0,0.0,0.0,15.0,0.0,0.0,0.0,0.0,"{""N"": 0.0, ""P2O5"": 0.0, ""K2O"": 0.0, ""Ca"": 0.0, ""Mg"": 0.0, ""S"": 0.0, ""B"": 15.0, ""Cu"": 0.0, ""Fe"": 0.0, ""Mn"": 0.0, ""Zn"": 0.0}",59.56,3573.6
AM-0045,46.35,3.59,19.02,7.35,5.89,3.33,41.74,21.23,141.78,70.11,42.21,4.05,-5.04,-5.88,-5.2,4.68,-5.1,3.48,24.92,10.45,-3.91,14.42,87.13,K-FOL,2.6,0.0,10.0,40.0,0.0,0.0,2.0,0.0,0.0,0.0,0.0,0.0,"{""N"": 0.0, ""P2O5"": 10.0, ""K2O"": 40.0, ""Ca"": 0.0, ""Mg"": 0.0, ""S"": 2.0, ""B"": 0.0, ""Cu"": 0.0, ""Fe"": 0.0, ""Mn"": 0.0, ""Zn"": 0.0}",53.92,3235.2
AM-0046,42.29,2.68,22.1,6.73,3.92,3.51,38.56,17.47,142.31,76.43,29.69,-8.13,-26.88,12.6,-10.16,-18.96,0.3,-2.88,9.88,10.71,1.14,-10.62,112.26,MAP PURIFICADO,3.8,12.0,61.0,0.0,0.0,0.0,0.0,0.0,0.0,0.0,0.0,0.0,"{""N"": 12.0, ""P2O5"": 61.0, ""K2O"": 0.0, ""Ca"": 0.0, ""Mg"": 0.0, ""S"": 0.0, ""B"": 0.0, ""Cu"": 0.0, ""Fe"": 0.0, ""Mn"": 0.0, ""Zn"": 0.0}",61.98,3718.8
AM-0047,39.09,4.37,20.68,7.38,6.13,4.41,41.09,15.74,108.52,62.25,39.98,-17.73,13.68,4.08,-4.96,7.56,27.3,2.18,2.96,-5.51,-10.2,9.96,106.12,QUIMIFOL 30 N,1.6,30.0,0.0,0.0,0.0,0.0,0.0,0.0,0.0,0.0,0.0,0.0,"{""N"": 30.0, ""P2O5"": 0.0, ""K2O"": 0.0, ""Ca"": 0.0, ""Mg"": 0.0, ""S"": 0.0, ""B"": 0.0, ""Cu"": 0.0, ""Fe"": 0.0, ""Mn"": 0.0, ""Zn"": 0.0}",53.4,3204.0
AM-0048,51.04,4.0,19.3,9.24,6.79,3.32,37.44,13.34,144.1,89.6,43.32,18.12,4.8,-4.2,9.92,15.48,-5.4,-5.12,-6.64,11.57,11.68,16.64,109.57,NENHUM,0.0,0.0,0.0,0.0,0.0,0.0,0.0,0.0,0.0,0.0,0.0,0.0,"{""N"": 0.0, ""P2O5"": 0.0, ""K2O"": 0.0, ""Ca"": 0.0, ""Mg"": 0.0, ""S"": 0.0, ""B"": 0.0, ""Cu"": 0.0, ""Fe"": 0.0, ""Mn"": 0.0, ""Zn"": 0.0}",47.84,2870.4
AM-0049,38.47,3.94,17.88,7.23,5.67,3.83,34.65,8.03,124.51,114.65,33.78,-19.59,3.36,-12.72,-6.16,2.04,9.9,-10.7,-27.88,2.16,31.72,-2.44,128.67,NENHUM,0.0,0.0,0.0,0.0,0.0,0.0,0.0,0.0,0.0,0.0,0.0,0.0,"{""N"": 0.0, ""P2O5"": 0.0, ""K2O"": 0.0, ""Ca"": 0.0, ""Mg"": 0.0, ""S"": 0.0, ""B"": 0.0, ""Cu"": 0.0, ""Fe"": 0.0, ""Mn"": 0.0, ""Zn"": 0.0}",40.09,2405.4
AM-0050,52.13,4.1,20.43,8.66,5.75,3.04,31.95,20.66,124.6,76.5,34.46,21.39,7.2,2.58,5.28,3.0,-13.8,-16.1,22.64,2.21,1.2,-1.08,96.48,BORO 15,1.8,0.0,0.0,0.0,0.0,0.0,0.0,15.0,0.0,0.0,0.0,0.0,"{""N"": 0.0, ""P2O5"": 0.0, ""K2O"": 0.0, ""Ca"": 0.0, ""Mg"": 0.0, ""S"": 0.0, ""B"": 15.0, ""Cu"": 0.0, ""Fe"": 0.0, ""Mn"": 0.0, ""Zn"": 0.0}",59.49,3569.4
AM-0051,45.22,4.35,16.62,10.29,5.34,3.33,33.93,10.04,140.58,76.1,27.26,0.66,13.2,-20.28,18.32,-1.92,-5.1,-12.14,-19.84,9.88,0.88,-15.48,117.7,K-FOL,3.3,0.0,10.0,40.0,0.0,0.0,2.0,0.0,0.0,0.0,0.0,0.0,"{""N"": 0.0, ""P2O5"": 10.0, ""K2O"": 40.0, ""Ca"": 0.0, ""Mg"": 0.0, ""S"": 2.0, ""B"": 0.0, ""Cu"": 0.0, ""Fe"": 0.0, ""Mn"": 0.0, ""Zn"": 0.0}",51.94,3116.4
AM-0052,38.99,3.67,17.75,7.78,5.49,2.97,44.83,14.53,147.01,47.33,28.9,-18.03,-3.12,-13.5,-1.76,-0.12,-15.9,9.66,-1.88,12.96,-22.14,-12.2,111.27,SULFATO DE Mn 31%,3.9,0.0,0.0,0.0,0.0,0.0,18.0,0.0,0.0,0.0,31.0,0.0,"{""N"": 0.0, ""P2O5"": 0.0, ""K2O"": 0.0, ""Ca"": 0.0, ""Mg"": 0.0, ""S"": 18.0, ""B"": 0.0, ""Cu"": 0.0, ""Fe"": 0.0, ""Mn"": 31.0, ""Zn"": 0.0}",59.98,3598.8
AM-0053,43.92,3.25,25.15,8.09,5.51,3.49,41.19,14.57,105.66,66.8,34.8,-3.24,-13.2,30.9,0.72,0.12,-0.3,2.38,-1.72,-6.88,-6.56,-0.4,66.42,MAP PURIFICADO,2.9,12.0,61.0,0.0,0.0,0.0,0.0,0.0,0.0,0.0,0.0,0.0,"{""N"": 12.0, ""P2O5"": 61.0, ""K2O"": 0.0, ""Ca"": 0.0, ""Mg"": 0.0, ""S"": 0.0, ""B"": 0.0, ""Cu"": 0.0, ""Fe"": 0.0, ""Mn"": 0.0, ""Zn"": 0.0}",63.71,3822.6
AM-0054,50.55,2.47,15.84,6.14,4.32,3.58,41.74,14.24,116.25,82.92,40.0,16.65,-31.92,-24.96,-14.88,-14.16,2.4,3.48,-3.04,-1.8,6.34,10.0,129.63,MAP PURIFICADO,2.5,12.0,61.0,0.0,0.0,0.0,0.0,0.0,0.0,0.0,0.0,0.0,"{""N"": 12.0, ""P2O5"": 61.0, ""K2O"": 0.0, ""Ca"": 0.0, ""Mg"": 0.0, ""S"": 0.0, ""B"": 0.0, ""Cu"": 0.0, ""Fe"": 0.0, ""Mn"": 0.0, ""Zn"": 0.0}",54.34,3260.4
AM-0055,48.74,4.44,21.44,6.31,4.98,3.7,32.67,17.14,113.99,69.38,39.27,11.22,15.36,8.64,-13.52,-6.24,6.0,-14.66,8.56,-2.88,-4.5,8.54,100.12,BORO 15,3.6,0.0,0.0,0.0,0.0,0.0,0.0,15.0,0.0,0.0,0.0,0.0,"{""N"": 0.0, ""P2O5"": 0.0, ""K2O"": 0.0, ""Ca"": 0.0, ""Mg"": 0.0, ""S"": 0.0, ""B"": 15.0, ""Cu"": 0.0, ""Fe"": 0.0, ""Mn"": 0.0, ""Zn"": 0.0}",58.05,3483.0
AM-0056,51.59,3.3,18.69,6.59,3.83,4.21,32.55,12.55,152.89,48.7,39.54,19.77,-12.0,-7.86,-11.28,-20.04,21.3,-14.9,-9.8,15.79,-21.04,9.08,162.86,SULFATO DE Mn 31%,2.5,0.0,0.0,0.0,0.0,0.0,18.0,0.0,0.0,0.0,31.0,0.0,"{""N"": 0.0, ""P2O5"": 0.0, ""K2O"": 0.0, ""Ca"": 0.0, ""Mg"": 0.0, ""S"": 18.0, ""B"": 0.0, ""Cu"": 0.0, ""Fe"": 0.0, ""Mn"": 31.0, ""Zn"": 0.0}",38.7,2322.0
AM-0057,36.67,4.65,20.42,7.85,4.96,3.66,39.77,18.31,122.86,77.25,32.82,-24.99,20.4,2.52,-1.2,-6.48,4.8,-0.46,13.24,1.37,1.8,-4.36,81.62,QUIMIFOL 30 N,2.2,30.0,0.0,0.0,0.0,0.0,0.0,0.0,0.0,0.0,0.0,0.0,"{""N"": 30.0, ""P2O5"": 0.0, ""K2O"": 0.0, ""Ca"": 0.0, ""Mg"": 0.0, ""S"": 0.0, ""B"": 0.0, ""Cu"": 0.0, ""Fe"": 0.0, ""Mn"": 0.0, ""Zn"": 0.0}",66.72,4003.2
AM-0058,53.62,4.14,18.75,7.37,4.21,3.54,30.22,16.66,170.14,85.76,32.19,25.86,8.16,-7.5,-5.04,-15.48,1.2,-19.56,6.64,24.07,8.61,-5.62,127.74,BORO 15,1.5,0.0,0.0,0.0,0.0,0.0,0.0,15.0,0.0,0.0,0.0,0.0,"{""N"": 0.0, ""P2O5"": 0.0, ""K2O"": 0.0, ""Ca"": 0.0, ""Mg"": 0.0, ""S"": 0.0, ""B"": 15.0, ""Cu"": 0.0, ""Fe"": 0.0, ""Mn"": 0.0, ""Zn"": 0.0}",51.67,3100.2
AM-0059,46.02,4.29,23.33,9.52,3.66,2.99,36.25,15.08,132.94,64.11,36.12,3.06,11.76,19.98,12.16,-22.08,-15.3,-7.5,0.32,6.21,-8.71,2.24,109.32,SULFAMAG,2.1,0.0,0.0,22.0,0.0,18.0,22.0,0.0,0.0,0.0,0.0,0.0,"{""N"": 0.0, ""P2O5"": 0.0, ""K2O"": 22.0, ""Ca"": 0.0, ""Mg"": 18.0, ""S"": 22.0, ""B"": 0.0, ""Cu"": 0.0, ""Fe"": 0.0, ""Mn"": 0.0, ""Zn"": 0.0}",55.52,3331.2
AM-0060,38.9,3.4,22.68,6.67,6.07,2.8,52.49,14.09,122.38,77.69,38.65,-18.3,-9.6,16.08,-10.64,6.84,-21.0,24.98,-3.64,1.14,2.15,7.3,121.67,SULFAMAG,1.6,0.0,0.0,22.0,0.0,18.0,22.0,0.0,0.0,0.0,0.0,0.0,"{""N"": 0.0, ""P2O5"": 0.0, ""K2O"": 22.0, ""Ca"": 0.0, ""Mg"": 18.0, ""S"": 22.0, ""B"": 0.0, ""Cu"": 0.0, ""Fe"": 0.0, ""Mn"": 0.0, ""Zn"": 0.0}",49.1,2946.0
AM-0061,55.24,3.75,22.3,6.95,5.47,4.21,36.24,20.44,137.69,66.56,38.79,30.72,-1.2,13.8,-8.4,-0.36,21.3,-7.52,21.76,8.49,-6.75,7.58,127.88,NENHUM,0.0,0.0,0.0,0.0,0.0,0.0,0.0,0.0,0.0,0.0,0.0,0.0,"{""N"": 0.0, ""P2O5"": 0.0, ""K2O"": 0.0, ""Ca"": 0.0, ""Mg"": 0.0, ""S"": 0.0, ""B"": 0.0, ""Cu"": 0.0, ""Fe"": 0.0, ""Mn"": 0.0, ""Zn"": 0.0}",42.62,2557.2
AM-0062,47.49,3.01,18.55,7.63,5.43,3.75,41.07,10.99,129.5,84.16,38.36,7.47,-18.96,-8.7,-2.96,-0.84,7.5,2.14,-16.04,4.56,7.33,6.72,83.22,MAP PURIFICADO,3.2,12.0,61.0,0.0,0.0,0.0,0.0,0.0,0.0,0.0,0.0,0.0,"{""N"": 12.0, ""P2O5"": 61.0, ""K2O"": 0.0, ""Ca"": 0.0, ""Mg"": 0.0, ""S"": 0.0, ""B"": 0.0, ""Cu"": 0.0, ""Fe"": 0.0, ""Mn"": 0.0, ""Zn"": 0.0}",66.66,3999.6
AM-0063,43.19,4.12,16.95,7.91,6.32,3.55,42.68,14.36,148.23,73.79,32.21,-5.43,7.68,-18.3,-0.72,9.84,1.5,5.36,-2.56,13.55,-0.97,-5.58,71.49,K-FOL,3.6,0.0,10.0,40.0,0.0,0.0,2.0,0.0,0.0,0.0,0.0,0.0,"{""N"": 0.0, ""P2O5"": 10.0, ""K2O"": 40.0, ""Ca"": 0.0, ""Mg"": 0.0, ""S"": 2.0, ""B"": 0.0, ""Cu"": 0.0, ""Fe"": 0.0, ""Mn"": 0.0, ""Zn"": 0.0}",69.4,4164.0
AM-0064,45.38,3.57,19.13,7.54,5.72,3.31,47.53,12.32,115.33,68.4,43.68,1.14,-5.52,-5.22,-3.68,2.64,-5.7,15.06,-10.72,-2.24,-5.28,17.36,74.56,NENHUM,0.0,0.0,0.0,0.0,0.0,0.0,0.0,0.0,0.0,0.0,0.0,0.0,"{""N"": 0.0, ""P2O5"": 0.0, ""K2O"": 0.0, ""Ca"": 0.0, ""Mg"": 0.0, ""S"": 0.0, ""B"": 0.0, ""Cu"": 0.0, ""Fe"": 0.0, ""Mn"": 0.0, ""Zn"": 0.0}",55.61,3336.6
AM-0065,49.13,3.06,20.53,9.33,5.58,3.93,36.9,19.23,177.47,69.56,32.33,12.39,-17.76,3.18,10.64,0.96,12.9,-6.2,16.92,27.59,-4.35,-5.34,118.23,MAP PURIFICADO,2.6,12.0,61.0,0.0,0.0,0.0,0.0,0.0,0.0,0.0,0.0,0.0,"{""N"": 12.0, ""P2O5"": 61.0, ""K2O"": 0.0, ""Ca"": 0.0, ""Mg"": 0.0, ""S"": 0.0, ""B"": 0.0, ""Cu"": 0.0, ""Fe"": 0.0, ""Mn"": 0.0, ""Zn"": 0.0}",56.6,3396.0
AM-0066,41.51,4.2,19.4,6.79,4.49,3.08,28.4,11.38,93.24,85.24,34.01,-10.47,9.6,-3.6,-9.68,-12.12,-12.6,-23.2,-14.48,-12.84,8.19,-1.98,118.76,BORO 15,3.7,0.0,0.0,0.0,0.0,0.0,0.0,15.0,0.0,0.0,0.0,0.0,"{""N"": 0.0, ""P2O5"": 0.0, ""K2O"": 0.0, ""Ca"": 0.0, ""Mg"": 0.0, ""S"": 0.0, ""B"": 15.0, ""Cu"": 0.0, ""Fe"": 0.0, ""Mn"": 0.0, ""Zn"": 0.0}",54.99,3299.4
AM-0067,44.8,4.14,17.75,8.57,5.67,3.7,41.74,22.37,104.06,67.04,31.26,-0.6,8.16,-13.5,4.56,2.04,6.0,3.48,29.48,-7.65,-6.37,-7.48,89.32,K-FOL,3.4,0.0,10.0,40.0,0.0,0.0,2.0,0.0,0.0,0.0,0.0,0.0,"{""N"": 0.0, ""P2O5"": 10.0, ""K2O"": 40.0, ""Ca"": 0.0, ""Mg"": 0.0, ""S"": 2.0, ""B"": 0.0, ""Cu"": 0.0, ""Fe"": 0.0, ""Mn"": 0.0, ""Zn"": 0.0}",57.74,3464.4
AM-0068,43.02,3.72,19.25,6.24,6.3,3.92,42.06,13.87,102.37,64.45,49.14,-5.94,-1.92,-4.5,-14.08,9.6,12.6,4.12,-4.52,-8.46,-8.44,28.28,102.46,NENHUM,0.0,0.0,0.0,0.0,0.0,0.0,0.0,0.0,0.0,0.0,0.0,0.0,"{""N"": 0.0, ""P2O5"": 0.0, ""K2O"": 0.0, ""Ca"": 0.0, ""Mg"": 0.0, ""S"": 0.0, ""B"": 0.0, ""Cu"": 0.0, ""Fe"": 0.0, ""Mn"": 0.0, ""Zn"": 0.0}",49.66,2979.6
AM-0069,41.64,3.88,19.27,8.88,6.04,3.93,34.9,15.31,76.29,56.14,40.3,-10.08,1.92,-4.38,7.04,6.48,12.9,-10.2,1.24,-20.98,-15.09,10.6,100.91,NENHUM,0.0,0.0,0.0,0.0,0.0,0.0,0.0,0.0,0.0,0.0,0.0,0.0,"{""N"": 0.0, ""P2O5"": 0.0, ""K2O"": 0.0, ""Ca"": 0.0, ""Mg"": 0.0, ""S"": 0.0, ""B"": 0.0, ""Cu"": 0.0, ""Fe"": 0.0, ""Mn"": 0.0, ""Zn"": 0.0}",45.37,2722.2
AM-0070,41.64,3.8,21.39,6.41,2.1,3.15,47.23,16.03,153.1,58.02,25.16,-10.08,0.0,8.34,-12.72,-40.8,-10.5,14.46,4.12,15.89,-13.58,-19.68,150.17,SULFAMAG,3.7,0.0,0.0,22.0,0.0,18.0,22.0,0.0,0.0,0.0,0.0,0.0,"{""N"": 0.0, ""P2O5"": 0.0, ""K2O"": 22.0, ""Ca"": 0.0, ""Mg"": 18.0, ""S"": 22.0, ""B"": 0.0, ""Cu"": 0.0, ""Fe"": 0.0, ""Mn"": 0.0, ""Zn"": 0.0}",60.26,3615.6
AM-0071,47.36,4.35,21.64,8.76,6.57,3.97,48.29,16.95,115.82,77.2,42.24,7.08,13.2,9.84,6.08,12.84,14.1,16.58,7.8,-2.01,1.76,14.48,105.77,NENHUM,0.0,0.0,0.0,0.0,0.0,0.0,0.0,0.0,0.0,0.0,0.0,0.0,"{""N"": 0.0, ""P2O5"": 0.0, ""K2O"": 0.0, ""Ca"": 0.0, ""Mg"": 0.0, ""S"": 0.0, ""B"": 0.0, ""Cu"": 0.0, ""Fe"": 0.0, ""Mn"": 0.0, ""Zn"": 0.0}",44.34,2660.4
AM-0072,46.47,3.6,20.06,9.92,5.69,3.52,31.84,17.24,136.14,107.45,33.15,4.41,-4.8,0.36,15.36,2.28,0.6,-16.32,8.96,7.75,25.96,-3.7,90.5,BORO 15,3.4,0.0,0.0,0.0,0.0,0.0,0.0,15.0,0.0,0.0,0.0,0.0,"{""N"": 0.0, ""P2O5"": 0.0, ""K2O"": 0.0, ""Ca"": 0.0, ""Mg"": 0.0, ""S"": 0.0, ""B"": 15.0, ""Cu"": 0.0, ""Fe"": 0.0, ""Mn"": 0.0, ""Zn"": 0.0}",61.05,3663.0
AM-0073,47.15,3.82,22.42,5.84,5.68,3.66,38.88,13.79,110.93,77.62,24.14,6.45,0.48,14.52,-17.28,2.16,4.8,-2.24,-4.84,-4.35,2.1,-21.72,80.94,SULFATO DE ZINCO,3.1,0.0,0.0,0.0,0.0,0.0,10.0,0.0,0.0,0.0,0.0,20.0,"{""N"": 0.0, ""P2O5"": 0.0, ""K2O"": 0.0, ""Ca"": 0.0, ""Mg"": 0.0, ""S"": 10.0, ""B"": 0.0, ""Cu"": 0.0, ""Fe"": 0.0, ""Mn"": 0.0, ""Zn"": 20.0}",68.55,4113.0
AM-0074,42.76,3.99,23.13,7.9,4.94,4.25,31.31,8.4,131.0,67.47,28.87,-6.72,4.56,18.78,-0.8,-6.72,22.5,-17.38,-26.4,5.28,-6.02,-12.26,127.42,NENHUM,0.0,0.0,0.0,0.0,0.0,0.0,0.0,0.0,0.0,0.0,0.0,0.0,"{""N"": 0.0, ""P2O5"": 0.0, ""K2O"": 0.0, ""Ca"": 0.0, ""Mg"": 0.0, ""S"": 0.0, ""B"": 0.0, ""Cu"": 0.0, ""Fe"": 0.0, ""Mn"": 0.0, ""Zn"": 0.0}",42.09,2525.4
AM-0075,45.98,3.52,17.44,9.31,6.15,3.46,51.08,11.79,81.86,64.62,34.73,2.94,-6.72,-15.36,10.48,7.8,-1.2,22.16,-12.84,-18.31,-8.3,-0.54,106.65,NENHUM,0.0,0.0,0.0,0.0,0.0,0.0,0.0,0.0,0.0,0.0,0.0,0.0,"{""N"": 0.0, ""P2O5"": 0.0, ""K2O"": 0.0, ""Ca"": 0.0, ""Mg"": 0.0, ""S"": 0.0, ""B"": 0.0, ""Cu"": 0.0, ""Fe"": 0.0, ""Mn"": 0.0, ""Zn"": 0.0}",46.75,2805.0
AM-0076,44.04,3.98,17.5,10.17,5.42,3.95,42.06,16.37,134.24,81.72,38.86,-2.88,4.32,-15.0,17.36,-0.96,13.5,4.12,5.48,6.84,5.38,7.72,83.56,K-FOL,1.8,0.0,10.0,40.0,0.0,0.0,2.0,0.0,0.0,0.0,0.0,0.0,"{""N"": 0.0, ""P2O5"": 10.0, ""K2O"": 40.0, ""Ca"": 0.0, ""Mg"": 0.0, ""S"": 2.0, ""B"": 0.0, ""Cu"": 0.0, ""Fe"": 0.0, ""Mn"": 0.0, ""Zn"": 0.0}",63.89,3833.4
AM-0077,50.0,4.05,17.94,7.93,5.87,3.2,31.85,14.05,101.48,74.79,25.45,15.0,6.0,-12.36,-0.56,4.44,-9.0,-16.3,-3.8,-8.89,-0.17,-19.1,95.62,SULFATO DE ZINCO,3.5,0.0,0.0,0.0,0.0,0.0,10.0,0.0,0.0,0.0,0.0,20.0,"{""N"": 0.0, ""P2O5"": 0.0, ""K2O"": 0.0, ""Ca"": 0.0, ""Mg"": 0.0, ""S"": 10.0, ""B"": 0.0, ""Cu"": 0.0, ""Fe"": 0.0, ""Mn"": 0.0, ""Zn"": 20.0}",62.24,3734.4
AM-0078,43.22,2.86,19.1,4.36,3.92,3.8,44.71,16.28,95.83,74.28,34.98,-5.34,-22.56,-5.4,-29.12,-18.96,9.0,9.42,5.12,-11.6,-0.58,-0.04,117.14,NENHUM,0.0,0.0,0.0,0.0,0.0,0.0,0.0,0.0,0.0,0.0,0.0,0.0,"{""N"": 0.0, ""P2O5"": 0.0, ""K2O"": 0.0, ""Ca"": 0.0, ""Mg"": 0.0, ""S"": 0.0, ""B"": 0.0, ""Cu"": 0.0, ""Fe"": 0.0, ""Mn"": 0.0, ""Zn"": 0.0}",40.3,2418.0
AM-0079,51.01,4.24,19.56,8.04,5.71,2.68,38.52,12.95,94.96,70.78,45.79,18.03,10.56,-2.64,0.32,2.52,-24.6,-2.96,-8.2,-12.02,-3.38,21.58,106.81,SULFAMAG,3.5,0.0,0.0,22.0,0.0,18.0,22.0,0.0,0.0,0.0,0.0,0.0,"{""N"": 0.0, ""P2O5"": 0.0, ""K2O"": 22.0, ""Ca"": 0.0, ""Mg"": 18.0, ""S"": 22.0, ""B"": 0.0, ""Cu"": 0.0, ""Fe"": 0.0, ""Mn"": 0.0, ""Zn"": 0.0}",62.64,3758.4
AM-0080,43.03,3.58,20.55,6.8,7.31,3.64,42.36,17.04,105.51,91.34,35.69,-5.91,-5.28,3.3,-9.6,21.72,4.2,4.72,8.16,-6.96,13.07,1.38,84.3,NENHUM,0.0,0.0,0.0,0.0,0.0,0.0,0.0,0.0,0.0,0.0,0.0,0.0,"{""N"": 0.0, ""P2O5"": 0.0, ""K2O"": 0.0, ""Ca"": 0.0, ""Mg"": 0.0, ""S"": 0.0, ""B"": 0.0, ""Cu"": 0.0, ""Fe"": 0.0, ""Mn"": 0.0, ""Zn"": 0.0}",54.77,3286.2
AM-0081,44.21,4.46,20.8,11.27,5.13,3.58,33.81,13.41,135.47,91.94,52.79,-2.37,15.84,4.8,26.16,-4.44,2.4,-12.38,-6.36,7.43,13.55,35.58,131.31,BORO 15,3.3,0.0,0.0,0.0,0.0,0.0,0.0,15.0,0.0,0.0,0.0,0.0,"{""N"": 0.0, ""P2O5"": 0.0, ""K2O"": 0.0, ""Ca"": 0.0, ""Mg"": 0.0, ""S"": 0.0, ""B"": 15.0, ""Cu"": 0.0, ""Fe"": 0.0, ""Mn"": 0.0, ""Zn"": 0.0}",46.4,2784.0
AM-0082,45.15,3.86,21.23,6.47,5.24,2.83,42.4,16.94,107.92,98.61,27.65,0.45,1.44,7.38,-12.24,-3.12,-20.1,4.8,7.76,-5.8,18.89,-14.7,96.68,SULFAMAG,4.0,0.0,0.0,22.0,0.0,18.0,22.0,0.0,0.0,0.0,0.0,0.0,"{""N"": 0.0, ""P2O5"": 0.0, ""K2O"": 22.0, ""Ca"": 0.0, ""Mg"": 18.0, ""S"": 22.0, ""B"": 0.0, ""Cu"": 0.0, ""Fe"": 0.0, ""Mn"": 0.0, ""Zn"": 0.0}",57.93,3475.8
AM-0083,38.75,4.8,19.79,10.67,3.87,3.27,44.8,15.54,133.32,56.19,43.26,-18.75,24.0,-1.26,21.36,-19.56,-6.9,9.6,2.16,6.39,-15.05,16.52,141.55,SULFAMAG,1.8,0.0,0.0,22.0,0.0,18.0,22.0,0.0,0.0,0.0,0.0,0.0,"{""N"": 0.0, ""P2O5"": 0.0, ""K2O"": 22.0, ""Ca"": 0.0, ""Mg"": 18.0, ""S"": 22.0, ""B"": 0.0, ""Cu"": 0.0, ""Fe"": 0.0, ""Mn"": 0.0, ""Zn"": 0.0}",48.69,2921.4
AM-0084,46.98,3.93,18.9,6.99,5.47,3.97,43.26,13.89,139.29,32.27,41.89,5.94,3.12,-6.6,-8.08,-0.36,14.1,6.52,-4.44,9.26,-34.18,13.78,106.38,SULFATO DE Mn 31%,1.9,0.0,0.0,0.0,0.0,0.0,18.0,0.0,0.0,0.0,31.0,0.0,"{""N"": 0.0, ""P2O5"": 0.0, ""K2O"": 0.0, ""Ca"": 0.0, ""Mg"": 0.0, ""S"": 18.0, ""B"": 0.0, ""Cu"": 0.0, ""Fe"": 0.0, ""Mn"": 31.0, ""Zn"": 0.0}",60.17,3610.2
AM-0085,46.5,3.76,21.61,6.13,6.61,3.22,30.66,14.18,67.62,78.81,33.44,4.5,-0.96,9.66,-14.96,13.32,-8.4,-18.68,-3.28,-25.14,3.05,-3.12,105.07,NENHUM,0.0,0.0,0.0,0.0,0.0,0.0,0.0,0.0,0.0,0.0,0.0,0.0,"{""N"": 0.0, ""P2O5"": 0.0, ""K2O"": 0.0, ""Ca"": 0.0, ""Mg"": 0.0, ""S"": 0.0, ""B"": 0.0, ""Cu"": 0.0, ""Fe"": 0.0, ""Mn"": 0.0, ""Zn"": 0.0}",49.66,2979.6
AM-0086,47.6,3.1,18.32,8.78,6.35,3.99,47.29,14.73,129.07,94.48,33.18,7.8,-16.8,-10.08,6.24,10.2,14.7,14.58,-1.08,4.35,15.58,-3.64,105.05,MAP PURIFICADO,1.8,12.0,61.0,0.0,0.0,0.0,0.0,0.0,0.0,0.0,0.0,0.0,"{""N"": 12.0, ""P2O5"": 61.0, ""K2O"": 0.0, ""Ca"": 0.0, ""Mg"": 0.0, ""S"": 0.0, ""B"": 0.0, ""Cu"": 0.0, ""Fe"": 0.0, ""Mn"": 0.0, ""Zn"": 0.0}",56.46,3387.6
AM-0087,44.71,3.78,21.46,8.08,6.23,3.47,40.47,9.01,142.91,80.2,40.99,-0.87,-0.48,8.76,0.64,8.76,-0.9,0.94,-23.96,11.0,4.16,11.98,72.45,NENHUM,0.0,0.0,0.0,0.0,0.0,0.0,0.0,0.0,0.0,0.0,0.0,0.0,"{""N"": 0.0, ""P2O5"": 0.0, ""K2O"": 0.0, ""Ca"": 0.0, ""Mg"": 0.0, ""S"": 0.0, ""B"": 0.0, ""Cu"": 0.0, ""Fe"": 0.0, ""Mn"": 0.0, ""Zn"": 0.0}",48.47,2908.2
AM-0088,53.35,3.73,22.22,6.44,6.11,3.08,36.26,20.74,115.23,78.26,40.22,25.05,-1.68,13.32,-12.48,7.32,-12.6,-7.48,22.96,-2.29,2.61,10.44,118.23,SULFAMAG,3.9,0.0,0.0,22.0,0.0,18.0,22.0,0.0,0.0,0.0,0.0,0.0,"{""N"": 0.0, ""P2O5"": 0.0, ""K2O"": 22.0, ""Ca"": 0.0, ""Mg"": 18.0, ""S"": 22.0, ""B"": 0.0, ""Cu"": 0.0, ""Fe"": 0.0, ""Mn"": 0.0, ""Zn"": 0.0}",52.02,3121.2
AM-0089,44.88,4.8,21.93,8.46,5.05,3.53,41.19,16.35,93.08,85.03,28.46,-0.36,24.0,11.58,3.68,-5.4,0.9,2.38,5.4,-12.92,8.02,-13.08,87.72,SULFATO DE ZINCO,3.1,0.0,0.0,0.0,0.0,0.0,10.0,0.0,0.0,0.0,0.0,20.0,"{""N"": 0.0, ""P2O5"": 0.0, ""K2O"": 0.0, ""Ca"": 0.0, ""Mg"": 0.0, ""S"": 10.0, ""B"": 0.0, ""Cu"": 0.0, ""Fe"": 0.0, ""Mn"": 0.0, ""Zn"": 20.0}",63.23,3793.8
AM-0090,46.21,3.42,19.87,8.49,5.82,3.67,49.68,16.36,113.9,89.46,42.14,3.63,-9.12,-0.78,3.92,3.84,5.1,19.36,5.44,-2.93,11.57,14.28,79.97,MAP PURIFICADO,3.5,12.0,61.0,0.0,0.0,0.0,0.0,0.0,0.0,0.0,0.0,0.0,"{""N"": 12.0, ""P2O5"": 61.0, ""K2O"": 0.0, ""Ca"": 0.0, ""Mg"": 0.0, ""S"": 0.0, ""B"": 0.0, ""Cu"": 0.0, ""Fe"": 0.0, ""Mn"": 0.0, ""Zn"": 0.0}",56.08,3364.8
AM-0091,47.89,4.12,22.58,7.61,5.62,3.09,32.33,10.07,97.87,98.29,25.68,8.67,7.68,15.48,-3.12,1.44,-12.3,-15.34,-19.72,-10.62,18.63,-18.64,131.64,NENHUM,0.0,0.0,0.0,0.0,0.0,0.0,0.0,0.0,0.0,0.0,0.0,0.0,"{""N"": 0.0, ""P2O5"": 0.0, ""K2O"": 0.0, ""Ca"": 0.0, ""Mg"": 0.0, ""S"": 0.0, ""B"": 0.0, ""Cu"": 0.0, ""Fe"": 0.0, ""Mn"": 0.0, ""Zn"": 0.0}",38.38,2302.8
AM-0092,39.83,3.5,20.34,6.95,6.59,4.11,26.51,12.95,121.48,91.89,32.27,-15.51,-7.2,2.04,-8.4,13.08,18.3,-26.98,-8.2,0.71,13.51,-5.46,119.39,BORO 15,2.4,0.0,0.0,0.0,0.0,0.0,0.0,15.0,0.0,0.0,0.0,0.0,"{""N"": 0.0, ""P2O5"": 0.0, ""K2O"": 0.0, ""Ca"": 0.0, ""Mg"": 0.0, ""S"": 0.0, ""B"": 15.0, ""Cu"": 0.0, ""Fe"": 0.0, ""Mn"": 0.0, ""Zn"": 0.0}",57.58,3454.8
AM-0093,39.44,2.98,22.05,11.66,6.88,3.73,43.57,17.56,138.97,79.22,35.63,-16.68,-19.68,12.3,29.28,16.56,6.9,7.14,10.24,9.11,3.38,1.26,132.53,MAP PURIFICADO,1.7,12.0,61.0,0.0,0.0,0.0,0.0,0.0,0.0,0.0,0.0,0.0,"{""N"": 12.0, ""P2O5"": 61.0, ""K2O"": 0.0, ""Ca"": 0.0, ""Mg"": 0.0, ""S"": 0.0, ""B"": 0.0, ""Cu"": 0.0, ""Fe"": 0.0, ""Mn"": 0.0, ""Zn"": 0.0}",49.1,2946.0
AM-0094,44.24,4.08,19.93,6.57,4.63,3.11,45.83,13.15,72.2,80.95,44.09,-2.28,6.72,-0.42,-11.44,-10.44,-11.7,11.66,-7.4,-22.94,4.76,18.18,107.94,NENHUM,0.0,0.0,0.0,0.0,0.0,0.0,0.0,0.0,0.0,0.0,0.0,0.0,"{""N"": 0.0, ""P2O5"": 0.0, ""K2O"": 0.0, ""Ca"": 0.0, ""Mg"": 0.0, ""S"": 0.0, ""B"": 0.0, ""Cu"": 0.0, ""Fe"": 0.0, ""Mn"": 0.0, ""Zn"": 0.0}",47.71,2862.6
AM-0095,42.59,3.01,19.73,7.76,4.53,3.72,51.08,15.67,124.01,60.94,43.38,-7.23,-18.96,-1.62,-1.92,-11.64,6.6,22.16,2.68,1.92,-11.25,16.76,102.74,MAP PURIFICADO,2.9,12.0,61.0,0.0,0.0,0.0,0.0,0.0,0.0,0.0,0.0,0.0,"{""N"": 12.0, ""P2O5"": 61.0, ""K2O"": 0.0, ""Ca"": 0.0, ""Mg"": 0.0, ""S"": 0.0, ""B"": 0.0, ""Cu"": 0.0, ""Fe"": 0.0, ""Mn"": 0.0, ""Zn"": 0.0}",58.05,3483.0
AM-0096,45.5,3.59,20.24,8.81,5.55,3.52,35.79,13.01,84.93,101.24,27.54,1.5,-5.04,1.44,6.48,0.6,0.6,-8.42,-7.96,-16.83,20.99,-14.92,84.78,NENHUM,0.0,0.0,0.0,0.0,0.0,0.0,0.0,0.0,0.0,0.0,0.0,0.0,"{""N"": 0.0, ""P2O5"": 0.0, ""K2O"": 0.0, ""Ca"": 0.0, ""Mg"": 0.0, ""S"": 0.0, ""B"": 0.0, ""Cu"": 0.0, ""Fe"": 0.0, ""Mn"": 0.0, ""Zn"": 0.0}",50.53,3031.8
AM-0097,42.13,4.25,19.41,9.87,4.83,3.61,34.99,21.44,90.31,79.65,38.8,-8.61,10.8,-3.54,14.96,-8.04,3.3,-10.02,25.76,-14.25,3.72,7.6,110.6,NENHUM,0.0,0.0,0.0,0.0,0.0,0.0,0.0,0.0,0.0,0.0,0.0,0.0,"{""N"": 0.0, ""P2O5"": 0.0, ""K2O"": 0.0, ""Ca"": 0.0, ""Mg"": 0.0, ""S"": 0.0, ""B"": 0.0, ""Cu"": 0.0, ""Fe"": 0.0, ""Mn"": 0.0, ""Zn"": 0.0}",46.07,2764.2
AM-0098,44.26,3.74,20.09,7.78,6.46,4.38,36.66,10.89,117.79,113.7,30.18,-2.22,-1.44,0.54,-1.76,11.52,26.4,-6.68,-16.44,-1.06,30.96,-9.64,108.66,NENHUM,0.0,0.0,0.0,0.0,0.0,0.0,0.0,0.0,0.0,0.0,0.0,0.0,"{""N"": 0.0, ""P2O5"": 0.0, ""K2O"": 0.0, ""Ca"": 0.0, ""Mg"": 0.0, ""S"": 0.0, ""B"": 0.0, ""Cu"": 0.0, ""Fe"": 0.0, ""Mn"": 0.0, ""Zn"": 0.0}",49.67,2980.2
AM-0099,51.71,3.52,21.14,10.44,5.12,3.42,36.51,11.96,103.77,56.64,35.2,20.13,-6.72,6.84,19.52,-4.56,-2.4,-6.98,-12.16,-7.79,-14.69,0.4,102.19,SULFATO DE Mn 31%,1.7,0.0,0.0,0.0,0.0,0.0,18.0,0.0,0.0,0.0,31.0,0.0,"{""N"": 0.0, ""P2O5"": 0.0, ""K2O"": 0.0, ""Ca"": 0.0, ""Mg"": 0.0, ""S"": 18.0, ""B"": 0.0, ""Cu"": 0.0, ""Fe"": 0.0, ""Mn"": 31.0, ""Zn"": 0.0}",53.2,3192.0
AM-0100,42.51,4.15,22.06,8.16,5.96,4.35,32.96,11.3,137.37,104.2,33.44,-7.47,8.4,12.36,1.28,5.52,25.5,-14.08,-14.8,8.34,23.36,-3.12,124.23,NENHUM,0.0,0.0,0.0,0.0,0.0,0.0,0.0,0.0,0.0,0.0,0.0,0.0,"{""N"": 0.0, ""P2O5"": 0.0, ""K2O"": 0.0, ""Ca"": 0.0, ""Mg"": 0.0, ""S"": 0.0, ""B"": 0.0, ""Cu"": 0.0, ""Fe"": 0.0, ""Mn"": 0.0, ""Zn"": 0.0}",45.53,2731.8
AM-0101,45.39,3.46,18.02,8.94,4.59,3.53,49.5,14.08,152.85,56.78,31.8,1.17,-8.16,-11.88,7.52,-10.92,0.9,19.0,-3.68,15.77,-14.58,-6.4,99.98,SULFATO DE Mn 31%,1.9,0.0,0.0,0.0,0.0,0.0,18.0,0.0,0.0,0.0,31.0,0.0,"{""N"": 0.0, ""P2O5"": 0.0, ""K2O"": 0.0, ""Ca"": 0.0, ""Mg"": 0.0, ""S"": 18.0, ""B"": 0.0, ""Cu"": 0.0, ""Fe"": 0.0, ""Mn"": 31.0, ""Zn"": 0.0}",52.3,3138.0
AM-0102,49.85,3.87,24.64,8.59,5.69,3.38,40.8,14.54,137.7,89.35,30.28,14.55,1.68,27.84,4.72,2.28,-3.6,1.6,-1.84,8.5,11.48,-9.44,87.53,SULFATO DE ZINCO,1.7,0.0,0.0,0.0,0.0,0.0,10.0,0.0,0.0,0.0,0.0,20.0,"{""N"": 0.0, ""P2O5"": 0.0, ""K2O"": 0.0, ""Ca"": 0.0, ""Mg"": 0.0, ""S"": 10.0, ""B"": 0.0, ""Cu"": 0.0, ""Fe"": 0.0, ""Mn"": 0.0, ""Zn"": 20.0}",53.13,3187.8
AM-0103,45.35,4.15,18.3,5.6,7.66,3.05,45.02,15.09,126.28,74.98,32.69,1.05,8.4,-10.2,-19.2,25.92,-13.5,10.04,0.36,3.01,-0.02,-4.62,96.32,NENHUM,0.0,0.0,0.0,0.0,0.0,0.0,0.0,0.0,0.0,0.0,0.0,0.0,"{""N"": 0.0, ""P2O5"": 0.0, ""K2O"": 0.0, ""Ca"": 0.0, ""Mg"": 0.0, ""S"": 0.0, ""B"": 0.0, ""Cu"": 0.0, ""Fe"": 0.0, ""Mn"": 0.0, ""Zn"": 0.0}",50.19,3011.4
AM-0104,43.25,4.38,21.14,8.9,4.99,3.41,32.87,13.94,94.09,94.7,35.3,-5.25,13.92,6.84,7.2,-6.12,-2.7,-14.26,-4.24,-12.44,15.76,0.6,89.33,BORO 15,3.6,0.0,0.0,0.0,0.0,0.0,0.0,15.0,0.0,0.0,0.0,0.0,"{""N"": 0.0, ""P2O5"": 0.0, ""K2O"": 0.0, ""Ca"": 0.0, ""Mg"": 0.0, ""S"": 0.0, ""B"": 15.0, ""Cu"": 0.0, ""Fe"": 0.0, ""Mn"": 0.0, ""Zn"": 0.0}",60.14,3608.4
AM-0105,44.9,4.21,22.78,8.84,5.51,2.98,33.61,14.08,104.76,72.2,35.34,-0.3,9.84,16.68,6.72,0.12,-15.6,-12.78,-3.68,-7.32,-2.24,0.68,75.96,SULFAMAG,3.9,0.0,0.0,22.0,0.0,18.0,22.0,0.0,0.0,0.0,0.0,0.0,"{""N"": 0.0, ""P2O5"": 0.0, ""K2O"": 22.0, ""Ca"": 0.0, ""Mg"": 18.0, ""S"": 22.0, ""B"": 0.0, ""Cu"": 0.0, ""Fe"": 0.0, ""Mn"": 0.0, ""Zn"": 0.0}",65.81,3948.6
AM-0106,37.79,3.48,14.22,8.44,5.78,3.18,43.24,11.15,95.84,81.26,30.87,-21.63,-7.68,-34.68,3.52,3.36,-9.6,6.48,-15.4,-11.6,5.01,-8.26,127.22,K-FOL,4.0,0.0,10.0,40.0,0.0,0.0,2.0,0.0,0.0,0.0,0.0,0.0,"{""N"": 0.0, ""P2O5"": 10.0, ""K2O"": 40.0, ""Ca"": 0.0, ""Mg"": 0.0, ""S"": 2.0, ""B"": 0.0, ""Cu"": 0.0, ""Fe"": 0.0, ""Mn"": 0.0, ""Zn"": 0.0}",62.07,3724.2
AM-0107,45.59,3.63,18.77,7.55,5.11,3.57,40.96,15.01,130.92,92.86,40.7,1.77,-4.08,-7.38,-3.6,-4.68,2.1,1.92,0.04,5.24,14.29,11.4,56.5,K-FOL,2.8,0.0,10.0,40.0,0.0,0.0,2.0,0.0,0.0,0.0,0.0,0.0,"{""N"": 0.0, ""P2O5"": 10.0, ""K2O"": 40.0, ""Ca"": 0.0, ""Mg"": 0.0, ""S"": 2.0, ""B"": 0.0, ""Cu"": 0.0, ""Fe"": 0.0, ""Mn"": 0.0, ""Zn"": 0.0}",60.72,3643.2
AM-0108,40.82,3.7,19.74,9.48,4.99,3.03,47.25,14.05,141.97,86.43,34.82,-12.54,-2.4,-1.56,11.84,-6.12,-14.1,14.5,-3.8,10.55,9.14,-0.36,86.91,SULFAMAG,2.7,0.0,0.0,22.0,0.0,18.0,22.0,0.0,0.0,0.0,0.0,0.0,"{""N"": 0.0, ""P2O5"": 0.0, ""K2O"": 22.0, ""Ca"": 0.0, ""Mg"": 18.0, ""S"": 22.0, ""B"": 0.0, ""Cu"": 0.0, ""Fe"": 0.0, ""Mn"": 0.0, ""Zn"": 0.0}",59.29,3557.4
AM-0109,42.82,4.0,17.04,8.28,5.48,3.73,40.72,12.08,149.91,72.62,34.84,-6.54,4.8,-17.76,2.24,-0.24,6.9,1.44,-11.68,14.36,-1.9,-0.32,68.18,K-FOL,1.9,0.0,10.0,40.0,0.0,0.0,2.0,0.0,0.0,0.0,0.0,0.0,"{""N"": 0.0, ""P2O5"": 10.0, ""K2O"": 40.0, ""Ca"": 0.0, ""Mg"": 0.0, ""S"": 2.0, ""B"": 0.0, ""Cu"": 0.0, ""Fe"": 0.0, ""Mn"": 0.0, ""Zn"": 0.0}",64.09,3845.4
AM-0110,49.67,3.37,15.39,7.33,4.63,2.59,41.71,15.62,148.56,58.19,25.41,14.01,-10.32,-27.66,-5.36,-10.44,-27.3,3.42,2.48,13.71,-13.45,-19.18,147.33,K-FOL,3.6,0.0,10.0,40.0,0.0,0.0,2.0,0.0,0.0,0.0,0.0,0.0,"{""N"": 0.0, ""P2O5"": 10.0, ""K2O"": 40.0, ""Ca"": 0.0, ""Mg"": 0.0, ""S"": 2.0, ""B"": 0.0, ""Cu"": 0.0, ""Fe"": 0.0, ""Mn"": 0.0, ""Zn"": 0.0}",50.66,3039.6
AM-0111,53.63,3.5,21.48,8.45,6.8,4.12,40.19,12.74,131.5,64.83,47.08,25.89,-7.2,8.88,3.6,15.6,18.6,0.38,-9.04,5.52,-8.14,24.16,127.01,NENHUM,0.0,0.0,0.0,0.0,0.0,0.0,0.0,0.0,0.0,0.0,0.0,0.0,"{""N"": 0.0, ""P2O5"": 0.0, ""K2O"": 0.0, ""Ca"": 0.0, ""Mg"": 0.0, ""S"": 0.0, ""B"": 0.0, ""Cu"": 0.0, ""Fe"": 0.0, ""Mn"": 0.0, ""Zn"": 0.0}",40.78,2446.8
AM-0112,43.54,3.89,17.31,6.54,6.7,3.24,33.72,16.61,149.64,85.78,40.98,-4.38,2.16,-16.14,-11.68,14.4,-7.8,-12.56,6.44,14.23,8.62,11.96,110.37,K-FOL,3.1,0.0,10.0,40.0,0.0,0.0,2.0,0.0,0.0,0.0,0.0,0.0,"{""N"": 0.0, ""P2O5"": 10.0, ""K2O"": 40.0, ""Ca"": 0.0, ""Mg"": 0.0, ""S"": 2.0, ""B"": 0.0, ""Cu"": 0.0, ""Fe"": 0.0, ""Mn"": 0.0, ""Zn"": 0.0}",52.72,3163.2
AM-0113,39.99,3.55,20.56,6.61,6.14,3.99,36.5,15.12,156.39,101.99,39.47,-15.03,-6.0,3.36,-11.12,7.68,14.7,-7.0,0.48,17.47,21.59,8.94,113.37,QUIMIFOL 30 N,3.1,30.0,0.0,0.0,0.0,0.0,0.0,0.0,0.0,0.0,0.0,0.0,"{""N"": 30.0, ""P2O5"": 0.0, ""K2O"": 0.0, ""Ca"": 0.0, ""Mg"": 0.0, ""S"": 0.0, ""B"": 0.0, ""Cu"": 0.0, ""Fe"": 0.0, ""Mn"": 0.0, ""Zn"": 0.0}",54.6,3276.0
AM-0114,43.54,3.38,17.91,5.05,7.56,3.06,38.67,14.17,127.69,87.24,40.16,-4.38,-10.08,-12.54,-23.6,24.72,-13.2,-2.66,-3.32,3.69,9.79,10.32,118.3,NENHUM,0.0,0.0,0.0,0.0,0.0,0.0,0.0,0.0,0.0,0.0,0.0,0.0,"{""N"": 0.0, ""P2O5"": 0.0, ""K2O"": 0.0, ""Ca"": 0.0, ""Mg"": 0.0, ""S"": 0.0, ""B"": 0.0, ""Cu"": 0.0, ""Fe"": 0.0, ""Mn"": 0.0, ""Zn"": 0.0}",41.42,2485.2
AM-0115,44.33,3.94,19.5,10.41,5.99,3.79,43.98,18.52,124.53,55.55,37.4,-2.01,3.36,-3.0,19.28,5.88,8.7,7.96,14.08,2.17,-15.56,4.8,86.8,SULFATO DE Mn 31%,3.5,0.0,0.0,0.0,0.0,0.0,18.0,0.0,0.0,0.0,31.0,0.0,"{""N"": 0.0, ""P2O5"": 0.0, ""K2O"": 0.0, ""Ca"": 0.0, ""Mg"": 0.0, ""S"": 18.0, ""B"": 0.0, ""Cu"": 0.0, ""Fe"": 0.0, ""Mn"": 31.0, ""Zn"": 0.0}",59.52,3571.2
AM-0116,45.12,3.05,20.99,9.09,7.8,3.93,28.6,15.24,165.28,84.35,36.97,0.36,-18.0,5.94,8.72,27.6,12.9,-22.8,0.96,21.73,7.48,3.94,130.43,BORO 15,3.4,0.0,0.0,0.0,0.0,0.0,0.0,15.0,0.0,0.0,0.0,0.0,"{""N"": 0.0, ""P2O5"": 0.0, ""K2O"": 0.0, ""Ca"": 0.0, ""Mg"": 0.0, ""S"": 0.0, ""B"": 15.0, ""Cu"": 0.0, ""Fe"": 0.0, ""Mn"": 0.0, ""Zn"": 0.0}",55.48,3328.8
AM-0117,44.45,3.19,19.58,6.72,4.92,3.74,50.02,16.18,90.1,81.67,42.18,-1.65,-14.64,-2.52,-10.24,-6.96,7.2,20.04,4.72,-14.35,5.34,14.36,102.02,MAP PURIFICADO,2.9,12.0,61.0,0.0,0.0,0.0,0.0,0.0,0.0,0.0,0.0,0.0,"{""N"": 12.0, ""P2O5"": 61.0, ""K2O"": 0.0, ""Ca"": 0.0, ""Mg"": 0.0, ""S"": 0.0, ""B"": 0.0, ""Cu"": 0.0, ""Fe"": 0.0, ""Mn"": 0.0, ""Zn"": 0.0}",54.41,3264.6
AM-0118,39.2,3.25,19.09,6.77,4.68,2.66,43.53,16.02,77.53,96.86,45.09,-17.4,-13.2,-5.46,-9.84,-9.84,-25.2,7.06,4.08,-20.39,17.49,20.18,150.14,SULFAMAG,1.5,0.0,0.0,22.0,0.0,18.0,22.0,0.0,0.0,0.0,0.0,0.0,"{""N"": 0.0, ""P2O5"": 0.0, ""K2O"": 22.0, ""Ca"": 0.0, ""Mg"": 18.0, ""S"": 22.0, ""B"": 0.0, ""Cu"": 0.0, ""Fe"": 0.0, ""Mn"": 0.0, ""Zn"": 0.0}",45.12,2707.2
AM-0119,38.9,4.43,18.9,11.84,4.94,3.57,49.25,21.02,171.54,93.13,41.14,-18.3,15.12,-6.6,30.72,-6.72,2.1,18.5,24.08,24.74,14.5,12.28,173.66,QUIMIFOL 30 N,2.2,30.0,0.0,0.0,0.0,0.0,0.0,0.0,0.0,0.0,0.0,0.0,"{""N"": 30.0, ""P2O5"": 0.0, ""K2O"": 0.0, ""Ca"": 0.0, ""Mg"": 0.0, ""S"": 0.0, ""B"": 0.0, ""Cu"": 0.0, ""Fe"": 0.0, ""Mn"": 0.0, ""Zn"": 0.0}",38.9,2334.0
AM-0120,44.97,4.46,22.23,7.03,6.45,3.77,23.36,17.4,109.21,61.71,29.94,-0.09,15.84,13.38,-7.76,11.4,8.1,-33.28,9.6,-5.18,-10.63,-10.12,125.38,BORO 15,2.1,0.0,0.0,0.0,0.0,0.0,0.0,15.0,0.0,0.0,0.0,0.0,"{""N"": 0.0, ""P2O5"": 0.0, ""K2O"": 0.0, ""Ca"": 0.0, ""Mg"": 0.0, ""S"": 0.0, ""B"": 15.0, ""Cu"": 0.0, ""Fe"": 0.0, ""Mn"": 0.0, ""Zn"": 0.0}",58.68,3520.8
AM-0121,51.05,4.12,17.95,10.78,6.72,3.73,38.64,12.12,110.69,91.33,46.31,18.15,7.68,-12.3,22.24,14.64,6.9,-2.72,-11.52,-4.47,13.06,22.62,136.3,K-FOL,2.0,0.0,10.0,40.0,0.0,0.0,2.0,0.0,0.0,0.0,0.0,0.0,"{""N"": 0.0, ""P2O5"": 10.0, ""K2O"": 40.0, ""Ca"": 0.0, ""Mg"": 0.0, ""S"": 2.0, ""B"": 0.0, ""Cu"": 0.0, ""Fe"": 0.0, ""Mn"": 0.0, ""Zn"": 0.0}",48.34,2900.4
AM-0122,39.36,3.21,18.94,9.16,3.6,3.57,46.2,14.42,110.78,81.03,33.85,-16.92,-14.16,-6.36,9.28,-22.8,2.1,12.4,-2.32,-4.43,4.82,-2.3,97.89,SULFAMAG,2.7,0.0,0.0,22.0,0.0,18.0,22.0,0.0,0.0,0.0,0.0,0.0,"{""N"": 0.0, ""P2O5"": 0.0, ""K2O"": 22.0, ""Ca"": 0.0, ""Mg"": 18.0, ""S"": 22.0, ""B"": 0.0, ""Cu"": 0.0, ""Fe"": 0.0, ""Mn"": 0.0, ""Zn"": 0.0}",65.1,3906.0
AM-0123,44.89,4.69,23.32,7.31,4.9,3.69,34.01,15.91,139.15,93.4,34.4,-0.33,21.36,19.92,-5.52,-7.2,5.7,-11.98,3.64,9.19,14.72,-1.2,100.76,BORO 15,2.2,0.0,0.0,0.0,0.0,0.0,0.0,15.0,0.0,0.0,0.0,0.0,"{""N"": 0.0, ""P2O5"": 0.0, ""K2O"": 0.0, ""Ca"": 0.0, ""Mg"": 0.0, ""S"": 0.0, ""B"": 15.0, ""Cu"": 0.0, ""Fe"": 0.0, ""Mn"": 0.0, ""Zn"": 0.0}",53.86,3231.6
AM-0124,46.42,3.69,18.32,6.62,5.2,4.13,36.84,14.96,122.54,58.03,24.42,4.26,-2.64,-10.08,-11.04,-3.6,18.9,-6.32,-0.16,1.22,-13.58,-21.16,92.96,SULFATO DE ZINCO,3.7,0.0,0.0,0.0,0.0,0.0,10.0,0.0,0.0,0.0,0.0,20.0,"{""N"": 0.0, ""P2O5"": 0.0, ""K2O"": 0.0, ""Ca"": 0.0, ""Mg"": 0.0, ""S"": 10.0, ""B"": 0.0, ""Cu"": 0.0, ""Fe"": 0.0, ""Mn"": 0.0, ""Zn"": 20.0}",60.45,3627.0
AM-0125,45.27,4.06,16.87,7.21,6.29,3.0,41.76,10.93,131.66,74.47,25.31,0.81,6.24,-18.78,-6.32,9.48,-15.0,3.52,-16.28,5.6,-0.42,-19.38,101.83,SULFATO DE ZINCO,1.8,0.0,0.0,0.0,0.0,0.0,10.0,0.0,0.0,0.0,0.0,20.0,"{""N"": 0.0, ""P2O5"": 0.0, ""K2O"": 0.0, ""Ca"": 0.0, ""Mg"": 0.0, ""S"": 10.0, ""B"": 0.0, ""Cu"": 0.0, ""Fe"": 0.0, ""Mn"": 0.0, ""Zn"": 20.0}",60.69,3641.4
AM-0126,43.29,3.53,21.27,7.33,6.52,4.57,38.23,15.46,129.49,102.17,34.5,-5.13,-6.48,7.62,-5.36,12.24,32.1,-3.54,1.84,4.56,21.74,-1.0,101.61,MAP PURIFICADO,2.7,12.0,61.0,0.0,0.0,0.0,0.0,0.0,0.0,0.0,0.0,0.0,"{""N"": 12.0, ""P2O5"": 61.0, ""K2O"": 0.0, ""Ca"": 0.0, ""Mg"": 0.0, ""S"": 0.0, ""B"": 0.0, ""Cu"": 0.0, ""Fe"": 0.0, ""Mn"": 0.0, ""Zn"": 0.0}",49.18,2950.8
AM-0127,46.75,4.25,15.27,6.49,6.12,4.32,40.12,12.82,115.43,95.62,31.12,5.25,10.8,-28.38,-12.08,7.44,24.6,0.24,-8.72,-2.19,16.5,-7.76,123.96,K-FOL,1.9,0.0,10.0,40.0,0.0,0.0,2.0,0.0,0.0,0.0,0.0,0.0,"{""N"": 0.0, ""P2O5"": 10.0, ""K2O"": 40.0, ""Ca"": 0.0, ""Mg"": 0.0, ""S"": 2.0, ""B"": 0.0, ""Cu"": 0.0, ""Fe"": 0.0, ""Mn"": 0.0, ""Zn"": 0.0}",54.49,3269.4
AM-0128,49.65,3.42,17.11,8.14,5.14,3.7,41.9,14.9,118.47,63.96,35.5,13.95,-9.12,-17.34,1.12,-4.32,6.0,3.8,-0.4,-0.73,-8.83,1.0,66.61,K-FOL,2.7,0.0,10.0,40.0,0.0,0.0,2.0,0.0,0.0,0.0,0.0,0.0,"{""N"": 0.0, ""P2O5"": 10.0, ""K2O"": 40.0, ""Ca"": 0.0, ""Mg"": 0.0, ""S"": 2.0, ""B"": 0.0, ""Cu"": 0.0, ""Fe"": 0.0, ""Mn"": 0.0, ""Zn"": 0.0}",69.46,4167.6
AM-0129,46.2,3.42,19.15,9.72,5.61,2.92,45.52,13.0,166.83,91.2,32.32,3.6,-9.12,-5.1,13.76,1.32,-17.4,11.04,-8.0,22.48,12.96,-5.36,110.14,SULFAMAG,3.8,0.0,0.0,22.0,0.0,18.0,22.0,0.0,0.0,0.0,0.0,0.0,"{""N"": 0.0, ""P2O5"": 0.0, ""K2O"": 22.0, ""Ca"": 0.0, ""Mg"": 18.0, ""S"": 22.0, ""B"": 0.0, ""Cu"": 0.0, ""Fe"": 0.0, ""Mn"": 0.0, ""Zn"": 0.0}",59.17,3550.2
AM-0130,40.12,3.86,21.97,8.98,6.33,3.33,38.41,16.45,106.34,67.26,36.79,-14.64,1.44,11.82,7.84,9.96,-5.1,-3.18,5.8,-6.56,-6.19,3.58,76.11,QUIMIFOL 30 N,1.9,30.0,0.0,0.0,0.0,0.0,0.0,0.0,0.0,0.0,0.0,0.0,"{""N"": 30.0, ""P2O5"": 0.0, ""K2O"": 0.0, ""Ca"": 0.0, ""Mg"": 0.0, ""S"": 0.0, ""B"": 0.0, ""Cu"": 0.0, ""Fe"": 0.0, ""Mn"": 0.0, ""Zn"": 0.0}",64.43,3865.8
AM-0131,53.25,3.27,20.05,10.12,5.42,3.68,33.63,16.28,115.32,89.79,42.12,24.75,-12.72,0.3,16.96,-0.96,5.4,-12.74,5.12,-2.25,11.83,14.24,107.27,BORO 15,3.3,0.0,0.0,0.0,0.0,0.0,0.0,15.0,0.0,0.0,0.0,0.0,"{""N"": 0.0, ""P2O5"": 0.0, ""K2O"": 0.0, ""Ca"": 0.0, ""Mg"": 0.0, ""S"": 0.0, ""B"": 15.0, ""Cu"": 0.0, ""Fe"": 0.0, ""Mn"": 0.0, ""Zn"": 0.0}",60.06,3603.6
AM-0132,41.78,4.1,20.54,8.46,7.31,3.64,38.18,9.13,115.87,94.59,34.45,-9.66,7.2,3.24,3.68,21.72,4.2,-3.64,-23.48,-1.98,15.67,-1.1,95.57,NENHUM,0.0,0.0,0.0,0.0,0.0,0.0,0.0,0.0,0.0,0.0,0.0,0.0,"{""N"": 0.0, ""P2O5"": 0.0, ""K2O"": 0.0, ""Ca"": 0.0, ""Mg"": 0.0, ""S"": 0.0, ""B"": 0.0, ""Cu"": 0.0, ""Fe"": 0.0, ""Mn"": 0.0, ""Zn"": 0.0}",43.64,2618.4
AM-0133,43.01,4.3,21.09,6.74,4.93,3.34,36.02,8.91,139.09,93.86,25.89,-5.97,12.0,6.54,-10.08,-6.84,-4.8,-7.96,-24.36,9.16,15.09,-18.22,121.02,NENHUM,0.0,0.0,0.0,0.0,0.0,0.0,0.0,0.0,0.0,0.0,0.0,0.0,"{""N"": 0.0, ""P2O5"": 0.0, ""K2O"": 0.0, ""Ca"": 0.0, ""Mg"": 0.0, ""S"": 0.0, ""B"": 0.0, ""Cu"": 0.0, ""Fe"": 0.0, ""Mn"": 0.0, ""Zn"": 0.0}",45.22,2713.2
AM-0134,44.59,4.41,20.08,8.2,5.87,3.18,47.17,11.64,109.95,82.86,31.94,-1.23,14.64,0.48,1.6,4.44,-9.6,14.34,-13.44,-4.82,6.29,-6.12,77.0,NENHUM,0.0,0.0,0.0,0.0,0.0,0.0,0.0,0.0,0.0,0.0,0.0,0.0,"{""N"": 0.0, ""P2O5"": 0.0, ""K2O"": 0.0, ""Ca"": 0.0, ""Mg"": 0.0, ""S"": 0.0, ""B"": 0.0, ""Cu"": 0.0, ""Fe"": 0.0, ""Mn"": 0.0, ""Zn"": 0.0}",56.38,3382.8
AM-0135,50.5,4.31,16.13,8.19,6.53,2.97,44.34,17.0,89.7,87.51,36.64,16.5,12.24,-23.22,1.52,12.36,-15.9,8.68,8.0,-14.54,10.01,3.28,126.25,K-FOL,2.9,0.0,10.0,40.0,0.0,0.0,2.0,0.0,0.0,0.0,0.0,0.0,"{""N"": 0.0, ""P2O5"": 10.0, ""K2O"": 40.0, ""Ca"": 0.0, ""Mg"": 0.0, ""S"": 2.0, ""B"": 0.0, ""Cu"": 0.0, ""Fe"": 0.0, ""Mn"": 0.0, ""Zn"": 0.0}",55.76,3345.6
AM-0136,44.47,3.31,22.21,7.82,3.33,3.84,36.79,14.73,128.3,77.86,39.26,-1.59,-11.76,13.26,-1.44,-26.04,10.2,-6.42,-1.08,3.98,2.29,8.52,86.58,SULFAMAG,2.2,0.0,0.0,22.0,0.0,18.0,22.0,0.0,0.0,0.0,0.0,0.0,"{""N"": 0.0, ""P2O5"": 0.0, ""K2O"": 22.0, ""Ca"": 0.0, ""Mg"": 18.0, ""S"": 22.0, ""B"": 0.0, ""Cu"": 0.0, ""Fe"": 0.0, ""Mn"": 0.0, ""Zn"": 0.0}",64.96,3897.6
AM-0137,45.78,3.96,21.78,7.21,6.16,3.35,42.04,13.06,97.23,76.38,23.69,2.34,3.84,10.68,-6.32,7.92,-4.5,4.08,-7.76,-10.93,1.1,-22.62,82.09,SULFATO DE ZINCO,3.0,0.0,0.0,0.0,0.0,0.0,10.0,0.0,0.0,0.0,0.0,20.0,"{""N"": 0.0, ""P2O5"": 0.0, ""K2O"": 0.0, ""Ca"": 0.0, ""Mg"": 0.0, ""S"": 10.0, ""B"": 0.0, ""Cu"": 0.0, ""Fe"": 0.0, ""Mn"": 0.0, ""Zn"": 20.0}",65.51,3930.6
AM-0138,40.79,3.27,21.9,10.57,5.4,3.43,40.42,18.49,96.82,78.58,40.85,-12.63,-12.72,11.4,20.56,-1.2,-2.1,0.84,13.96,-11.13,2.86,11.7,101.1,MAP PURIFICADO,3.7,12.0,61.0,0.0,0.0,0.0,0.0,0.0,0.0,0.0,0.0,0.0,"{""N"": 12.0, ""P2O5"": 61.0, ""K2O"": 0.0, ""Ca"": 0.0, ""Mg"": 0.0, ""S"": 0.0, ""B"": 0.0, ""Cu"": 0.0, ""Fe"": 0.0, ""Mn"": 0.0, ""Zn"": 0.0}",56.79,3407.4
AM-0139,47.61,5.14,16.38,6.97,6.97,3.36,45.31,15.69,172.63,58.3,42.33,7.83,32.16,-21.72,-8.24,17.64,-4.2,10.62,2.76,25.26,-13.36,14.66,158.45,K-FOL,3.3,0.0,10.0,40.0,0.0,0.0,2.0,0.0,0.0,0.0,0.0,0.0,"{""N"": 0.0, ""P2O5"": 10.0, ""K2O"": 40.0, ""Ca"": 0.0, ""Mg"": 0.0, ""S"": 2.0, ""B"": 0.0, ""Cu"": 0.0, ""Fe"": 0.0, ""Mn"": 0.0, ""Zn"": 0.0}",49.01,2940.6
AM-0140,45.3,3.0,19.51,6.74,7.67,3.43,40.74,16.65,121.09,100.43,31.26,0.9,-19.2,-2.94,-10.08,26.04,-2.1,1.48,6.6,0.52,20.34,-7.48,97.68,MAP PURIFICADO,2.1,12.0,61.0,0.0,0.0,0.0,0.0,0.0,0.0,0.0,0.0,0.0,"{""N"": 12.0, ""P2O5"": 61.0, ""K2O"": 0.0, ""Ca"": 0.0, ""Mg"": 0.0, ""S"": 0.0, ""B"": 0.0, ""Cu"": 0.0, ""Fe"": 0.0, ""Mn"": 0.0, ""Zn"": 0.0}",59.59,3575.4
AM-0141,43.24,2.7,19.56,4.9,5.95,3.0,34.63,12.99,114.88,75.1,41.51,-5.28,-26.4,-2.64,-24.8,5.4,-15.0,-10.74,-8.04,-2.46,0.08,13.02,113.86,MAP PURIFICADO,2.9,12.0,61.0,0.0,0.0,0.0,0.0,0.0,0.0,0.0,0.0,0.0,"{""N"": 12.0, ""P2O5"": 61.0, ""K2O"": 0.0, ""Ca"": 0.0, ""Mg"": 0.0, ""S"": 0.0, ""B"": 0.0, ""Cu"": 0.0, ""Fe"": 0.0, ""Mn"": 0.0, ""Zn"": 0.0}",58.0,3480.0
AM-0142,37.5,3.86,19.68,9.01,5.71,3.2,38.09,12.61,146.9,75.32,46.41,-22.5,1.44,-1.92,8.08,2.52,-9.0,-3.82,-9.56,12.91,0.26,22.82,94.83,QUIMIFOL 30 N,4.0,30.0,0.0,0.0,0.0,0.0,0.0,0.0,0.0,0.0,0.0,0.0,"{""N"": 30.0, ""P2O5"": 0.0, ""K2O"": 0.0, ""Ca"": 0.0, ""Mg"": 0.0, ""S"": 0.0, ""B"": 0.0, ""Cu"": 0.0, ""Fe"": 0.0, ""Mn"": 0.0, ""Zn"": 0.0}",63.47,3808.2
AM-0143,43.4,3.47,17.24,5.21,6.33,3.43,44.63,19.59,143.03,66.86,35.87,-4.8,-7.92,-16.56,-22.32,9.96,-2.1,9.26,18.36,11.05,-6.51,1.74,110.58,NENHUM,0.0,0.0,0.0,0.0,0.0,0.0,0.0,0.0,0.0,0.0,0.0,0.0,"{""N"": 0.0, ""P2O5"": 0.0, ""K2O"": 0.0, ""Ca"": 0.0, ""Mg"": 0.0, ""S"": 0.0, ""B"": 0.0, ""Cu"": 0.0, ""Fe"": 0.0, ""Mn"": 0.0, ""Zn"": 0.0}",43.5,2610.0
AM-0144,42.17,3.97,18.34,4.69,4.61,3.38,49.13,13.53,132.8,72.48,42.36,-8.49,4.08,-9.96,-26.48,-10.68,-3.6,18.26,-5.88,6.14,-2.02,14.72,110.31,NENHUM,0.0,0.0,0.0,0.0,0.0,0.0,0.0,0.0,0.0,0.0,0.0,0.0,"{""N"": 0.0, ""P2O5"": 0.0, ""K2O"": 0.0, ""Ca"": 0.0, ""Mg"": 0.0, ""S"": 0.0, ""B"": 0.0, ""Cu"": 0.0, ""Fe"": 0.0, ""Mn"": 0.0, ""Zn"": 0.0}",48.01,2880.6
AM-0145,49.7,2.93,20.41,9.14,5.88,3.75,40.35,12.77,77.57,65.32,51.07,14.1,-20.88,2.46,9.12,4.56,7.5,0.7,-8.92,-20.37,-7.74,32.14,128.49,MAP PURIFICADO,1.6,12.0,61.0,0.0,0.0,0.0,0.0,0.0,0.0,0.0,0.0,0.0,"{""N"": 12.0, ""P2O5"": 61.0, ""K2O"": 0.0, ""Ca"": 0.0, ""Mg"": 0.0, ""S"": 0.0, ""B"": 0.0, ""Cu"": 0.0, ""Fe"": 0.0, ""Mn"": 0.0, ""Zn"": 0.0}",49.71,2982.6
AM-0146,45.64,3.29,22.53,6.7,6.47,3.67,36.12,20.33,90.16,88.79,41.0,1.92,-12.24,15.18,-10.4,11.64,5.1,-7.76,21.32,-14.32,11.03,12.0,122.91,NENHUM,0.0,0.0,0.0,0.0,0.0,0.0,0.0,0.0,0.0,0.0,0.0,0.0,"{""N"": 0.0, ""P2O5"": 0.0, ""K2O"": 0.0, ""Ca"": 0.0, ""Mg"": 0.0, ""S"": 0.0, ""B"": 0.0, ""Cu"": 0.0, ""Fe"": 0.0, ""Mn"": 0.0, ""Zn"": 0.0}",39.91,2394.6
AM-0147,50.57,3.67,20.58,8.39,5.37,3.82,44.76,9.75,152.61,50.06,41.2,16.71,-3.12,3.48,3.12,-1.56,9.6,9.52,-21.0,15.65,-19.95,12.4,116.11,NENHUM,0.0,0.0,0.0,0.0,0.0,0.0,0.0,0.0,0.0,0.0,0.0,0.0,"{""N"": 0.0, ""P2O5"": 0.0, ""K2O"": 0.0, ""Ca"": 0.0, ""Mg"": 0.0, ""S"": 0.0, ""B"": 0.0, ""Cu"": 0.0, ""Fe"": 0.0, ""Mn"": 0.0, ""Zn"": 0.0}",46.31,2778.6
AM-0148,40.64,3.59,17.79,7.68,5.19,3.81,47.86,19.19,105.95,71.86,24.9,-13.08,-5.04,-13.26,-2.56,-3.72,9.3,15.72,16.76,-6.74,-2.51,-20.2,108.89,SULFATO DE ZINCO,3.2,0.0,0.0,0.0,0.0,0.0,10.0,0.0,0.0,0.0,0.0,20.0,"{""N"": 0.0, ""P2O5"": 0.0, ""K2O"": 0.0, ""Ca"": 0.0, ""Mg"": 0.0, ""S"": 10.0, ""B"": 0.0, ""Cu"": 0.0, ""Fe"": 0.0, ""Mn"": 0.0, ""Zn"": 20.0}",55.49,3329.4
AM-0149,38.48,4.44,23.78,7.31,5.45,3.04,40.03,13.57,117.45,81.14,28.41,-19.56,15.36,22.68,-5.52,-0.6,-13.8,0.06,-5.72,-1.22,4.91,-13.18,102.61,QUIMIFOL 30 N,1.6,30.0,0.0,0.0,0.0,0.0,0.0,0.0,0.0,0.0,0.0,0.0,"{""N"": 30.0, ""P2O5"": 0.0, ""K2O"": 0.0, ""Ca"": 0.0, ""Mg"": 0.0, ""S"": 0.0, ""B"": 0.0, ""Cu"": 0.0, ""Fe"": 0.0, ""Mn"": 0.0, ""Zn"": 0.0}",56.57,3394.2
AM-0150,43.96,4.6,21.12,7.56,6.2,3.37,47.04,16.11,117.32,81.72,25.57,-3.12,19.2,6.72,-3.52,8.4,-3.9,14.08,4.44,-1.29,5.38,-18.86,88.91,SULFATO DE ZINCO,2.9,0.0,0.0,0.0,0.0,0.0,10.0,0.0,0.0,0.0,0.0,20.0,"{""N"": 0.0, ""P2O5"": 0.0, ""K2O"": 0.0, ""Ca"": 0.0, ""Mg"": 0.0, ""S"": 10.0, ""B"": 0.0, ""Cu"": 0.0, ""Fe"": 0.0, ""Mn"": 0.0, ""Zn"": 20.0}",59.24,3554.4
AM-0151,45.73,3.21,23.15,8.38,5.28,3.99,33.62,12.38,88.46,62.02,35.37,2.19,-14.16,18.9,3.04,-2.64,14.7,-12.76,-10.48,-15.14,-10.38,0.74,105.13,NENHUM,0.0,0.0,0.0,0.0,0.0,0.0,0.0,0.0,0.0,0.0,0.0,0.0,"{""N"": 0.0, ""P2O5"": 0.0, ""K2O"": 0.0, ""Ca"": 0.0, ""Mg"": 0.0, ""S"": 0.0, ""B"": 0.0, ""Cu"": 0.0, ""Fe"": 0.0, ""Mn"": 0.0, ""Zn"": 0.0}",47.8,2868.0
AM-0152,48.85,2.89,19.66,6.34,5.29,4.43,41.75,17.7,169.02,91.91,32.31,11.55,-21.84,-2.04,-13.28,-2.52,27.9,3.5,10.8,23.53,13.53,-5.38,135.87,MAP PURIFICADO,1.6,12.0,61.0,0.0,0.0,0.0,0.0,0.0,0.0,0.0,0.0,0.0,"{""N"": 12.0, ""P2O5"": 61.0, ""K2O"": 0.0, ""Ca"": 0.0, ""Mg"": 0.0, ""S"": 0.0, ""B"": 0.0, ""Cu"": 0.0, ""Fe"": 0.0, ""Mn"": 0.0, ""Zn"": 0.0}",46.17,2770.2
AM-0153,55.58,3.05,20.51,8.7,6.59,3.54,41.85,13.83,126.73,69.85,38.73,31.74,-18.0,3.06,5.6,13.08,1.2,3.7,-4.68,3.23,-4.12,7.46,95.87,MAP PURIFICADO,3.9,12.0,61.0,0.0,0.0,0.0,0.0,0.0,0.0,0.0,0.0,0.0,"{""N"": 12.0, ""P2O5"": 61.0, ""K2O"": 0.0, ""Ca"": 0.0, ""Mg"": 0.0, ""S"": 0.0, ""B"": 0.0, ""Cu"": 0.0, ""Fe"": 0.0, ""Mn"": 0.0, ""Zn"": 0.0}",59.49,3569.4
AM-0154,44.5,3.21,19.97,8.59,5.76,3.92,31.31,12.47,135.99,64.12,36.44,-1.5,-14.16,-0.18,4.72,3.12,12.6,-17.38,-10.12,7.68,-8.7,2.88,83.04,BORO 15,2.7,0.0,0.0,0.0,0.0,0.0,0.0,15.0,0.0,0.0,0.0,0.0,"{""N"": 0.0, ""P2O5"": 0.0, ""K2O"": 0.0, ""Ca"": 0.0, ""Mg"": 0.0, ""S"": 0.0, ""B"": 15.0, ""Cu"": 0.0, ""Fe"": 0.0, ""Mn"": 0.0, ""Zn"": 0.0}",56.63,3397.8
AM-0155,49.22,3.91,19.89,8.43,6.02,3.76,43.33,15.27,115.07,72.73,33.83,12.66,2.64,-0.66,3.44,6.24,7.8,6.66,1.08,-2.37,-1.82,-2.34,47.71,NENHUM,0.0,0.0,0.0,0.0,0.0,0.0,0.0,0.0,0.0,0.0,0.0,0.0,"{""N"": 0.0, ""P2O5"": 0.0, ""K2O"": 0.0, ""Ca"": 0.0, ""Mg"": 0.0, ""S"": 0.0, ""B"": 0.0, ""Cu"": 0.0, ""Fe"": 0.0, ""Mn"": 0.0, ""Zn"": 0.0}",65.48,3928.8
AM-0156,47.37,2.33,21.31,8.29,5.48,3.34,46.74,17.84,100.68,81.11,29.17,7.11,-35.28,7.86,2.32,-0.24,-4.8,13.48,11.36,-9.27,4.89,-11.66,108.27,MAP PURIFICADO,3.5,12.0,61.0,0.0,0.0,0.0,0.0,0.0,0.0,0.0,0.0,0.0,"{""N"": 12.0, ""P2O5"": 61.0, ""K2O"": 0.0, ""Ca"": 0.0, ""Mg"": 0.0, ""S"": 0.0, ""B"": 0.0, ""Cu"": 0.0, ""Fe"": 0.0, ""Mn"": 0.0, ""Zn"": 0.0}",63.67,3820.2
AM-0157,41.42,3.46,18.93,9.28,6.02,3.79,42.53,13.22,137.43,92.74,38.51,-10.74,-8.16,-6.42,10.24,6.24,8.7,5.06,-7.12,8.37,14.19,7.02,92.26,QUIMIFOL 30 N,3.0,30.0,0.0,0.0,0.0,0.0,0.0,0.0,0.0,0.0,0.0,0.0,"{""N"": 30.0, ""P2O5"": 0.0, ""K2O"": 0.0, ""Ca"": 0.0, ""Mg"": 0.0, ""S"": 0.0, ""B"": 0.0, ""Cu"": 0.0, ""Fe"": 0.0, ""Mn"": 0.0, ""Zn"": 0.0}",57.57,3454.2
AM-0158,44.89,3.36,19.67,6.88,4.82,3.44,35.25,14.08,72.66,78.2,35.01,-0.33,-10.56,-1.98,-8.96,-8.16,-1.8,-9.5,-3.68,-22.72,2.56,0.02,70.27,NENHUM,0.0,0.0,0.0,0.0,0.0,0.0,0.0,0.0,0.0,0.0,0.0,0.0,"{""N"": 0.0, ""P2O5"": 0.0, ""K2O"": 0.0, ""Ca"": 0.0, ""Mg"": 0.0, ""S"": 0.0, ""B"": 0.0, ""Cu"": 0.0, ""Fe"": 0.0, ""Mn"": 0.0, ""Zn"": 0.0}",54.28,3256.8
AM-0159,47.64,4.27,16.78,6.86,4.73,3.12,44.98,14.42,113.39,44.94,38.81,7.92,11.28,-19.32,-9.12,-9.24,-11.4,9.96,-2.32,-3.17,-24.05,7.62,115.4,SULFATO DE Mn 31%,3.9,0.0,0.0,0.0,0.0,0.0,18.0,0.0,0.0,0.0,31.0,0.0,"{""N"": 0.0, ""P2O5"": 0.0, ""K2O"": 0.0, ""Ca"": 0.0, ""Mg"": 0.0, ""S"": 18.0, ""B"": 0.0, ""Cu"": 0.0, ""Fe"": 0.0, ""Mn"": 31.0, ""Zn"": 0.0}",55.63,3337.8
AM-0160,38.39,4.4,18.29,8.5,5.51,3.9,53.12,11.13,103.78,77.84,28.37,-19.83,14.4,-10.26,4.0,0.12,12.0,26.24,-15.48,-7.79,2.27,-13.26,125.65,QUIMIFOL 30 N,3.3,30.0,0.0,0.0,0.0,0.0,0.0,0.0,0.0,0.0,0.0,0.0,"{""N"": 30.0, ""P2O5"": 0.0, ""K2O"": 0.0, ""Ca"": 0.0, ""Mg"": 0.0, ""S"": 0.0, ""B"": 0.0, ""Cu"": 0.0, ""Fe"": 0.0, ""Mn"": 0.0, ""Zn"": 0.0}",54.64,3278.4
AM-0161,46.91,4.05,22.12,12.14,5.89,3.3,39.85,9.69,102.63,68.86,31.86,5.73,6.0,12.72,33.12,4.68,-6.0,-0.3,-21.24,-8.34,-4.91,-6.28,109.32,NENHUM,0.0,0.0,0.0,0.0,0.0,0.0,0.0,0.0,0.0,0.0,0.0,0.0,"{""N"": 0.0, ""P2O5"": 0.0, ""K2O"": 0.0, ""Ca"": 0.0, ""Mg"": 0.0, ""S"": 0.0, ""B"": 0.0, ""Cu"": 0.0, ""Fe"": 0.0, ""Mn"": 0.0, ""Zn"": 0.0}",45.77,2746.2
AM-0162,41.71,4.36,20.0,7.99,5.17,3.56,44.95,12.4,103.55,70.44,26.92,-9.87,13.44,0.0,-0.08,-3.96,1.8,9.9,-10.4,-7.9,-3.65,-16.16,77.16,SULFATO DE ZINCO,3.6,0.0,0.0,0.0,0.0,0.0,10.0,0.0,0.0,0.0,0.0,20.0,"{""N"": 0.0, ""P2O5"": 0.0, ""K2O"": 0.0, ""Ca"": 0.0, ""Mg"": 0.0, ""S"": 10.0, ""B"": 0.0, ""Cu"": 0.0, ""Fe"": 0.0, ""Mn"": 0.0, ""Zn"": 20.0}",62.24,3734.4
AM-0163,49.11,3.47,19.68,9.42,5.27,3.8,39.61,20.95,159.22,55.08,38.13,12.33,-7.92,-1.92,11.36,-2.76,9.0,-0.78,23.8,18.83,-15.94,6.26,110.9,SULFATO DE Mn 31%,3.2,0.0,0.0,0.0,0.0,0.0,18.0,0.0,0.0,0.0,31.0,0.0,"{""N"": 0.0, ""P2O5"": 0.0, ""K2O"": 0.0, ""Ca"": 0.0, ""Mg"": 0.0, ""S"": 18.0, ""B"": 0.0, ""Cu"": 0.0, ""Fe"": 0.0, ""Mn"": 31.0, ""Zn"": 0.0}",52.38,3142.8
AM-0164,45.35,3.9,18.76,7.53,6.12,3.98,39.16,13.65,120.01,84.02,26.34,1.05,2.4,-7.44,-3.76,7.44,14.4,-1.68,-5.4,0.0,7.22,-17.32,68.11,SULFATO DE ZINCO,2.0,0.0,0.0,0.0,0.0,0.0,10.0,0.0,0.0,0.0,0.0,20.0,"{""N"": 0.0, ""P2O5"": 0.0, ""K2O"": 0.0, ""Ca"": 0.0, ""Mg"": 0.0, ""S"": 10.0, ""B"": 0.0, ""Cu"": 0.0, ""Fe"": 0.0, ""Mn"": 0.0, ""Zn"": 20.0}",60.54,3632.4
AM-0165,39.38,3.09,22.47,7.52,5.1,3.69,37.78,21.31,113.17,80.48,40.83,-16.86,-17.04,14.82,-3.84,-4.8,5.7,-4.44,25.24,-3.28,4.38,11.66,112.06,MAP PURIFICADO,2.2,12.0,61.0,0.0,0.0,0.0,0.0,0.0,0.0,0.0,0.0,0.0,"{""N"": 12.0, ""P2O5"": 61.0, ""K2O"": 0.0, ""Ca"": 0.0, ""Mg"": 0.0, ""S"": 0.0, ""B"": 0.0, ""Cu"": 0.0, ""Fe"": 0.0, ""Mn"": 0.0, ""Zn"": 0.0}",57.98,3478.8
AM-0166,46.51,3.35,18.26,9.69,4.31,4.16,34.6,16.92,111.78,84.05,31.74,4.53,-10.8,-10.44,13.52,-14.28,19.8,-10.8,7.68,-3.95,7.24,-6.52,109.56,SULFAMAG,1.8,0.0,0.0,22.0,0.0,18.0,22.0,0.0,0.0,0.0,0.0,0.0,"{""N"": 0.0, ""P2O5"": 0.0, ""K2O"": 22.0, ""Ca"": 0.0, ""Mg"": 18.0, ""S"": 22.0, ""B"": 0.0, ""Cu"": 0.0, ""Fe"": 0.0, ""Mn"": 0.0, ""Zn"": 0.0}",52.5,3150.0
AM-0167,38.02,3.86,16.95,6.3,5.28,2.44,44.67,7.77,118.07,75.23,38.23,-20.94,1.44,-18.3,-13.6,-2.64,-31.8,9.34,-28.92,-0.93,0.18,6.46,134.55,SULFAMAG,2.8,0.0,0.0,22.0,0.0,18.0,22.0,0.0,0.0,0.0,0.0,0.0,"{""N"": 0.0, ""P2O5"": 0.0, ""K2O"": 22.0, ""Ca"": 0.0, ""Mg"": 18.0, ""S"": 22.0, ""B"": 0.0, ""Cu"": 0.0, ""Fe"": 0.0, ""Mn"": 0.0, ""Zn"": 0.0}",56.54,3392.4
AM-0168,40.28,4.36,21.43,9.08,5.94,3.51,44.04,16.78,111.15,66.4,35.61,-14.16,13.44,8.58,8.64,5.28,0.3,8.08,7.12,-4.25,-6.88,1.22,77.95,QUIMIFOL 30 N,2.4,30.0,0.0,0.0,0.0,0.0,0.0,0.0,0.0,0.0,0.0,0.0,"{""N"": 30.0, ""P2O5"": 0.0, ""K2O"": 0.0, ""Ca"": 0.0, ""Mg"": 0.0, ""S"": 0.0, ""B"": 0.0, ""Cu"": 0.0, ""Fe"": 0.0, ""Mn"": 0.0, ""Zn"": 0.0}",65.95,3957.0
AM-0169,48.95,3.12,21.34,9.02,3.23,3.13,37.63,14.46,101.42,63.04,45.03,11.85,-16.32,8.04,8.16,-27.24,-11.1,-4.74,-2.16,-8.92,-9.57,20.06,128.16,SULFAMAG,2.7,0.0,0.0,22.0,0.0,18.0,22.0,0.0,0.0,0.0,0.0,0.0,"{""N"": 0.0, ""P2O5"": 0.0, ""K2O"": 22.0, ""Ca"": 0.0, ""Mg"": 18.0, ""S"": 22.0, ""B"": 0.0, ""Cu"": 0.0, ""Fe"": 0.0, ""Mn"": 0.0, ""Zn"": 0.0}",55.41,3324.6
AM-0170,45.08,3.92,17.48,7.08,5.12,3.37,47.69,16.67,92.21,78.7,37.99,0.24,2.88,-15.12,-7.36,-4.56,-3.9,15.38,6.68,-13.34,2.96,5.98,78.4,K-FOL,2.5,0.0,10.0,40.0,0.0,0.0,2.0,0.0,0.0,0.0,0.0,0.0,"{""N"": 0.0, ""P2O5"": 10.0, ""K2O"": 40.0, ""Ca"": 0.0, ""Mg"": 0.0, ""S"": 2.0, ""B"": 0.0, ""Cu"": 0.0, ""Fe"": 0.0, ""Mn"": 0.0, ""Zn"": 0.0}",65.4,3924.0
AM-0171,40.32,4.22,21.28,7.64,5.24,2.77,41.98,16.86,92.77,72.66,35.23,-14.04,10.08,7.68,-2.88,-3.12,-21.9,3.96,7.44,-13.07,-1.87,0.46,86.5,SULFAMAG,2.1,0.0,0.0,22.0,0.0,18.0,22.0,0.0,0.0,0.0,0.0,0.0,"{""N"": 0.0, ""P2O5"": 0.0, ""K2O"": 22.0, ""Ca"": 0.0, ""Mg"": 18.0, ""S"": 22.0, ""B"": 0.0, ""Cu"": 0.0, ""Fe"": 0.0, ""Mn"": 0.0, ""Zn"": 0.0}",65.17,3910.2
AM-0172,53.09,3.8,19.62,7.46,5.32,4.05,26.73,19.6,84.4,71.0,32.42,24.27,0.0,-2.28,-4.32,-2.16,16.5,-26.54,18.4,-17.09,-3.2,-5.16,119.92,BORO 15,3.9,0.0,0.0,0.0,0.0,0.0,0.0,15.0,0.0,0.0,0.0,0.0,"{""N"": 0.0, ""P2O5"": 0.0, ""K2O"": 0.0, ""Ca"": 0.0, ""Mg"": 0.0, ""S"": 0.0, ""B"": 15.0, ""Cu"": 0.0, ""Fe"": 0.0, ""Mn"": 0.0, ""Zn"": 0.0}",60.49,3629.4
AM-0173,45.19,3.97,19.15,5.57,4.78,3.56,40.98,15.12,133.72,66.28,35.16,0.57,4.08,-5.1,-19.44,-8.64,1.8,1.96,0.48,6.59,-6.98,0.32,55.96,NENHUM,0.0,0.0,0.0,0.0,0.0,0.0,0.0,0.0,0.0,0.0,0.0,0.0,"{""N"": 0.0, ""P2O5"": 0.0, ""K2O"": 0.0, ""Ca"": 0.0, ""Mg"": 0.0, ""S"": 0.0, ""B"": 0.0, ""Cu"": 0.0, ""Fe"": 0.0, ""Mn"": 0.0, ""Zn"": 0.0}",61.76,3705.6
AM-0174,44.66,3.18,18.08,9.25,6.89,3.97,41.39,11.39,119.84,98.43,38.71,-1.02,-14.88,-11.52,10.0,16.68,14.1,2.78,-14.44,-0.08,18.74,7.42,111.66,MAP PURIFICADO,2.1,12.0,61.0,0.0,0.0,0.0,0.0,0.0,0.0,0.0,0.0,0.0,"{""N"": 12.0, ""P2O5"": 61.0, ""K2O"": 0.0, ""Ca"": 0.0, ""Mg"": 0.0, ""S"": 0.0, ""B"": 0.0, ""Cu"": 0.0, ""Fe"": 0.0, ""Mn"": 0.0, ""Zn"": 0.0}",52.32,3139.2
AM-0175,40.0,4.1,21.76,7.32,5.03,3.61,37.38,14.8,172.49,71.29,32.85,-15.0,7.2,10.56,-5.44,-5.64,3.3,-5.24,-0.8,25.2,-2.97,-4.3,85.65,QUIMIFOL 30 N,2.5,30.0,0.0,0.0,0.0,0.0,0.0,0.0,0.0,0.0,0.0,0.0,"{""N"": 30.0, ""P2O5"": 0.0, ""K2O"": 0.0, ""Ca"": 0.0, ""Mg"": 0.0, ""S"": 0.0, ""B"": 0.0, ""Cu"": 0.0, ""Fe"": 0.0, ""Mn"": 0.0, ""Zn"": 0.0}",58.84,3530.4
AM-0176,39.62,3.0,20.5,8.23,5.6,3.74,47.15,13.22,130.16,51.31,43.27,-16.14,-19.2,3.0,1.84,1.2,7.2,14.3,-7.12,4.88,-18.95,16.54,110.37,MAP PURIFICADO,2.1,12.0,61.0,0.0,0.0,0.0,0.0,0.0,0.0,0.0,0.0,0.0,"{""N"": 12.0, ""P2O5"": 61.0, ""K2O"": 0.0, ""Ca"": 0.0, ""Mg"": 0.0, ""S"": 0.0, ""B"": 0.0, ""Cu"": 0.0, ""Fe"": 0.0, ""Mn"": 0.0, ""Zn"": 0.0}",52.44,3146.4
AM-0177,45.06,3.32,19.19,9.03,5.61,3.73,51.86,10.31,160.43,76.57,29.61,0.18,-11.52,-4.86,8.24,1.32,6.9,23.72,-18.76,19.41,1.26,-10.78,106.95,NENHUM,0.0,0.0,0.0,0.0,0.0,0.0,0.0,0.0,0.0,0.0,0.0,0.0,"{""N"": 0.0, ""P2O5"": 0.0, ""K2O"": 0.0, ""Ca"": 0.0, ""Mg"": 0.0, ""S"": 0.0, ""B"": 0.0, ""Cu"": 0.0, ""Fe"": 0.0, ""Mn"": 0.0, ""Zn"": 0.0}",42.73,2563.8
AM-0178,44.24,4.26,19.74,10.27,4.05,3.5,32.49,16.09,142.17,68.69,19.37,-2.28,11.04,-1.56,18.16,-17.4,0.0,-15.02,4.36,10.64,-5.05,-31.26,116.77,SULFATO DE ZINCO,3.5,0.0,0.0,0.0,0.0,0.0,10.0,0.0,0.0,0.0,0.0,20.0,"{""N"": 0.0, ""P2O5"": 0.0, ""K2O"": 0.0, ""Ca"": 0.0, ""Mg"": 0.0, ""S"": 10.0, ""B"": 0.0, ""Cu"": 0.0, ""Fe"": 0.0, ""Mn"": 0.0, ""Zn"": 20.0}",62.79,3767.4
AM-0179,43.09,4.28,22.07,9.11,4.55,3.67,40.66,18.16,105.68,50.0,39.14,-5.73,11.52,12.42,8.88,-11.4,5.1,1.32,12.64,-6.87,-20.0,8.28,104.16,SULFATO DE Mn 31%,1.6,0.0,0.0,0.0,0.0,0.0,18.0,0.0,0.0,0.0,31.0,0.0,"{""N"": 0.0, ""P2O5"": 0.0, ""K2O"": 0.0, ""Ca"": 0.0, ""Mg"": 0.0, ""S"": 18.0, ""B"": 0.0, ""Cu"": 0.0, ""Fe"": 0.0, ""Mn"": 31.0, ""Zn"": 0.0}",50.88,3052.8
AM-0180,40.65,3.26,21.36,6.28,6.17,3.69,29.65,12.97,149.85,60.28,32.21,-13.05,-12.96,8.16,-13.76,8.04,5.7,-20.7,-8.12,14.33,-11.78,-5.58,122.18,BORO 15,2.4,0.0,0.0,0.0,0.0,0.0,0.0,15.0,0.0,0.0,0.0,0.0,"{""N"": 0.0, ""P2O5"": 0.0, ""K2O"": 0.0, ""Ca"": 0.0, ""Mg"": 0.0, ""S"": 0.0, ""B"": 15.0, ""Cu"": 0.0, ""Fe"": 0.0, ""Mn"": 0.0, ""Zn"": 0.0}",54.5,3270.0
AM-0181,50.84,2.94,18.8,8.34,7.3,3.65,42.88,13.29,134.21,76.58,25.47,17.52,-20.64,-7.2,2.72,21.6,4.5,5.76,-6.84,6.82,1.26,-19.06,113.92,MAP PURIFICADO,3.3,12.0,61.0,0.0,0.0,0.0,0.0,0.0,0.0,0.0,0.0,0.0,"{""N"": 12.0, ""P2O5"": 61.0, ""K2O"": 0.0, ""Ca"": 0.0, ""Mg"": 0.0, ""S"": 0.0, ""B"": 0.0, ""Cu"": 0.0, ""Fe"": 0.0, ""Mn"": 0.0, ""Zn"": 0.0}",58.44,3506.4
AM-0182,43.46,3.93,23.99,12.66,6.11,3.43,43.21,17.66,111.98,101.93,36.38,-4.62,3.12,23.94,37.28,7.32,-2.1,6.42,10.64,-3.85,21.54,2.76,123.59,NENHUM,0.0,0.0,0.0,0.0,0.0,0.0,0.0,0.0,0.0,0.0,0.0,0.0,"{""N"": 0.0, ""P2O5"": 0.0, ""K2O"": 0.0, ""Ca"": 0.0, ""Mg"": 0.0, ""S"": 0.0, ""B"": 0.0, ""Cu"": 0.0, ""Fe"": 0.0, ""Mn"": 0.0, ""Zn"": 0.0}",42.64,2558.4
AM-0183,47.66,4.01,21.68,7.07,4.94,3.06,42.64,17.34,131.44,100.12,34.97,7.98,5.04,10.08,-7.44,-6.72,-13.2,5.28,9.36,5.49,20.1,-0.06,90.75,SULFAMAG,2.5,0.0,0.0,22.0,0.0,18.0,22.0,0.0,0.0,0.0,0.0,0.0,"{""N"": 0.0, ""P2O5"": 0.0, ""K2O"": 22.0, ""Ca"": 0.0, ""Mg"": 18.0, ""S"": 22.0, ""B"": 0.0, ""Cu"": 0.0, ""Fe"": 0.0, ""Mn"": 0.0, ""Zn"": 0.0}",59.69,3581.4
AM-0184,46.82,3.53,18.58,10.17,5.44,3.68,44.64,12.0,124.83,94.79,45.92,5.46,-6.48,-8.52,17.36,-0.72,5.4,9.28,-12.0,2.32,15.83,21.84,105.21,NENHUM,0.0,0.0,0.0,0.0,0.0,0.0,0.0,0.0,0.0,0.0,0.0,0.0,"{""N"": 0.0, ""P2O5"": 0.0, ""K2O"": 0.0, ""Ca"": 0.0, ""Mg"": 0.0, ""S"": 0.0, ""B"": 0.0, ""Cu"": 0.0, ""Fe"": 0.0, ""Mn"": 0.0, ""Zn"": 0.0}",46.64,2798.4
AM-0185,44.05,3.93,20.49,10.08,4.5,3.39,33.3,11.96,129.41,87.15,31.1,-2.85,3.12,2.94,16.64,-12.0,-3.3,-13.4,-12.16,4.52,9.72,-7.8,88.45,BORO 15,3.1,0.0,0.0,0.0,0.0,0.0,0.0,15.0,0.0,0.0,0.0,0.0,"{""N"": 0.0, ""P2O5"": 0.0, ""K2O"": 0.0, ""Ca"": 0.0, ""Mg"": 0.0, ""S"": 0.0, ""B"": 15.0, ""Cu"": 0.0, ""Fe"": 0.0, ""Mn"": 0.0, ""Zn"": 0.0}",61.06,3663.6
AM-0186,49.85,3.93,19.26,8.22,3.72,3.66,33.82,10.94,81.94,91.69,31.22,14.55,3.12,-4.44,1.76,-21.36,4.8,-12.36,-16.24,-18.27,13.35,-7.56,117.81,SULFAMAG,1.7,0.0,0.0,22.0,0.0,18.0,22.0,0.0,0.0,0.0,0.0,0.0,"{""N"": 0.0, ""P2O5"": 0.0, ""K2O"": 22.0, ""Ca"": 0.0, ""Mg"": 18.0, ""S"": 22.0, ""B"": 0.0, ""Cu"": 0.0, ""Fe"": 0.0, ""Mn"": 0.0, ""Zn"": 0.0}",58.09,3485.4
AM-0187,42.19,4.27,23.63,7.01,5.07,3.43,43.25,14.54,154.68,92.2,27.89,-8.43,11.28,21.78,-7.92,-5.16,-2.1,6.5,-1.84,16.65,13.76,-14.22,109.64,SULFATO DE ZINCO,2.5,0.0,0.0,0.0,0.0,0.0,10.0,0.0,0.0,0.0,0.0,20.0,"{""N"": 0.0, ""P2O5"": 0.0, ""K2O"": 0.0, ""Ca"": 0.0, ""Mg"": 0.0, ""S"": 10.0, ""B"": 0.0, ""Cu"": 0.0, ""Fe"": 0.0, ""Mn"": 0.0, ""Zn"": 20.0}",54.6,3276.0
AM-0188,43.35,3.93,18.07,6.56,5.84,3.48,40.2,12.72,114.24,61.14,40.34,-4.95,3.12,-11.58,-11.52,4.08,-0.6,0.4,-9.12,-2.76,-11.09,10.68,69.9,K-FOL,2.6,0.0,10.0,40.0,0.0,0.0,2.0,0.0,0.0,0.0,0.0,0.0,"{""N"": 0.0, ""P2O5"": 10.0, ""K2O"": 40.0, ""Ca"": 0.0, ""Mg"": 0.0, ""S"": 2.0, ""B"": 0.0, ""Cu"": 0.0, ""Fe"": 0.0, ""Mn"": 0.0, ""Zn"": 0.0}",65.58,3934.8
AM-0189,40.57,2.97,18.34,7.01,3.75,3.45,45.69,11.14,122.19,80.94,34.5,-13.29,-19.92,-9.96,-7.92,-21.0,-1.5,11.38,-15.44,1.05,4.75,-1.0,107.21,SULFAMAG,1.7,0.0,0.0,22.0,0.0,18.0,22.0,0.0,0.0,0.0,0.0,0.0,"{""N"": 0.0, ""P2O5"": 0.0, ""K2O"": 22.0, ""Ca"": 0.0, ""Mg"": 18.0, ""S"": 22.0, ""B"": 0.0, ""Cu"": 0.0, ""Fe"": 0.0, ""Mn"": 0.0, ""Zn"": 0.0}",57.5,3450.0
AM-0190,51.69,4.47,17.4,9.24,6.31,3.04,44.91,19.61,91.94,61.24,41.11,20.07,16.08,-15.6,9.92,9.72,-13.8,9.82,18.44,-13.47,-11.01,12.22,150.15,K-FOL,3.9,0.0,10.0,40.0,0.0,0.0,2.0,0.0,0.0,0.0,0.0,0.0,"{""N"": 0.0, ""P2O5"": 10.0, ""K2O"": 40.0, ""Ca"": 0.0, ""Mg"": 0.0, ""S"": 2.0, ""B"": 0.0, ""Cu"": 0.0, ""Fe"": 0.0, ""Mn"": 0.0, ""Zn"": 0.0}",44.39,2663.4
AM-0191,44.14,3.94,23.33,9.09,4.64,4.18,40.26,14.23,111.82,50.65,34.34,-2.58,3.36,19.98,8.72,-10.32,20.4,0.52,-3.08,-3.93,-19.48,-1.32,93.69,SULFATO DE Mn 31%,3.6,0.0,0.0,0.0,0.0,0.0,18.0,0.0,0.0,0.0,31.0,0.0,"{""N"": 0.0, ""P2O5"": 0.0, ""K2O"": 0.0, ""Ca"": 0.0, ""Mg"": 0.0, ""S"": 18.0, ""B"": 0.0, ""Cu"": 0.0, ""Fe"": 0.0, ""Mn"": 31.0, ""Zn"": 0.0}",62.93,3775.8
AM-0192,47.26,3.29,19.95,7.74,5.73,3.35,39.21,17.48,109.08,50.9,45.5,6.78,-12.24,-0.3,-2.08,2.76,-4.5,-1.58,9.92,-5.24,-19.28,21.0,85.68,SULFATO DE Mn 31%,3.1,0.0,0.0,0.0,0.0,0.0,18.0,0.0,0.0,0.0,31.0,0.0,"{""N"": 0.0, ""P2O5"": 0.0, ""K2O"": 0.0, ""Ca"": 0.0, ""Mg"": 0.0, ""S"": 18.0, ""B"": 0.0, ""Cu"": 0.0, ""Fe"": 0.0, ""Mn"": 31.0, ""Zn"": 0.0}",66.83,4009.8
AM-0193,48.23,3.31,20.72,8.85,4.8,3.15,50.23,14.1,160.37,89.96,37.45,9.69,-11.76,4.32,6.8,-8.4,-10.5,20.46,-3.6,19.38,11.97,4.9,111.78,MAP PURIFICADO,3.6,12.0,61.0,0.0,0.0,0.0,0.0,0.0,0.0,0.0,0.0,0.0,"{""N"": 12.0, ""P2O5"": 61.0, ""K2O"": 0.0, ""Ca"": 0.0, ""Mg"": 0.0, ""S"": 0.0, ""B"": 0.0, ""Cu"": 0.0, ""Fe"": 0.0, ""Mn"": 0.0, ""Zn"": 0.0}",53.03,3181.8
AM-0194,45.3,4.17,20.96,6.14,6.37,3.85,35.42,15.11,137.08,71.86,41.44,0.9,8.88,5.76,-14.88,10.44,10.5,-9.16,0.44,8.2,-2.51,12.88,84.55,NENHUM,0.0,0.0,0.0,0.0,0.0,0.0,0.0,0.0,0.0,0.0,0.0,0.0,"{""N"": 0.0, ""P2O5"": 0.0, ""K2O"": 0.0, ""Ca"": 0.0, ""Mg"": 0.0, ""S"": 0.0, ""B"": 0.0, ""Cu"": 0.0, ""Fe"": 0.0, ""Mn"": 0.0, ""Zn"": 0.0}",58.24,3494.4
AM-0195,41.86,3.11,20.61,9.08,5.27,4.08,31.97,17.08,104.85,100.79,46.96,-9.42,-16.56,3.66,8.64,-2.76,17.4,-16.06,8.32,-7.27,20.63,23.92,134.64,MAP PURIFICADO,3.8,12.0,61.0,0.0,0.0,0.0,0.0,0.0,0.0,0.0,0.0,0.0,"{""N"": 12.0, ""P2O5"": 61.0, ""K2O"": 0.0, ""Ca"": 0.0, ""Mg"": 0.0, ""S"": 0.0, ""B"": 0.0, ""Cu"": 0.0, ""Fe"": 0.0, ""Mn"": 0.0, ""Zn"": 0.0}",46.67,2800.2
AM-0196,43.08,2.91,18.62,8.01,6.29,3.49,41.51,13.87,163.73,59.73,30.8,-5.76,-21.36,-8.28,0.08,9.48,-0.3,3.02,-4.52,20.99,-12.22,-8.4,94.41,MAP PURIFICADO,1.9,12.0,61.0,0.0,0.0,0.0,0.0,0.0,0.0,0.0,0.0,0.0,"{""N"": 12.0, ""P2O5"": 61.0, ""K2O"": 0.0, ""Ca"": 0.0, ""Mg"": 0.0, ""S"": 0.0, ""B"": 0.0, ""Cu"": 0.0, ""Fe"": 0.0, ""Mn"": 0.0, ""Zn"": 0.0}",59.77,3586.2
AM-0197,48.16,3.97,21.14,9.45,5.17,3.26,33.49,12.52,193.73,93.67,26.89,9.48,4.08,6.84,11.6,-3.96,-7.2,-13.02,-9.92,35.39,14.94,-16.22,132.65,SULFATO DE ZINCO,3.6,0.0,0.0,0.0,0.0,0.0,10.0,0.0,0.0,0.0,0.0,20.0,"{""N"": 0.0, ""P2O5"": 0.0, ""K2O"": 0.0, ""Ca"": 0.0, ""Mg"": 0.0, ""S"": 10.0, ""B"": 0.0, ""Cu"": 0.0, ""Fe"": 0.0, ""Mn"": 0.0, ""Zn"": 20.0}",45.48,2728.8
AM-0198,42.33,4.3,17.71,5.95,6.21,3.5,46.39,8.58,84.98,75.21,37.51,-8.01,12.0,-13.74,-16.4,8.52,0.0,12.78,-25.68,-16.81,0.17,5.02,119.13,NENHUM,0.0,0.0,0.0,0.0,0.0,0.0,0.0,0.0,0.0,0.0,0.0,0.0,"{""N"": 0.0, ""P2O5"": 0.0, ""K2O"": 0.0, ""Ca"": 0.0, ""Mg"": 0.0, ""S"": 0.0, ""B"": 0.0, ""Cu"": 0.0, ""Fe"": 0.0, ""Mn"": 0.0, ""Zn"": 0.0}",44.76,2685.6
AM-0199,45.7,3.88,19.22,10.39,4.4,3.64,34.07,16.6,94.07,86.16,35.67,2.1,1.92,-4.68,19.12,-13.2,4.2,-11.86,6.4,-12.45,8.93,1.34,86.2,SULFAMAG,1.9,0.0,0.0,22.0,0.0,18.0,22.0,0.0,0.0,0.0,0.0,0.0,"{""N"": 0.0, ""P2O5"": 0.0, ""K2O"": 22.0, ""Ca"": 0.0, ""Mg"": 18.0, ""S"": 22.0, ""B"": 0.0, ""Cu"": 0.0, ""Fe"": 0.0, ""Mn"": 0.0, ""Zn"": 0.0}",63.29,3797.4
AM-0200,42.16,3.17,19.57,7.54,7.93,3.67,31.73,13.31,145.53,106.33,25.48,-8.52,-15.12,-2.58,-3.68,29.16,5.1,-16.54,-6.76,12.25,25.06,-19.04,143.81,SULFATO DE ZINCO,2.9,0.0,0.0,0.0,0.0,0.0,10.0,0.0,0.0,0.0,0.0,20.0,"{""N"": 0.0, ""P2O5"": 0.0, ""K2O"": 0.0, ""Ca"": 0.0, ""Mg"": 0.0, ""S"": 10.0, ""B"": 0.0, ""Cu"": 0.0, ""Fe"": 0.0, ""Mn"": 0.0, ""Zn"": 20.0}",42.09,2525.4
AM-0201,49.34,4.33,20.0,6.05,6.52,3.4,43.29,21.66,126.3,61.25,32.99,13.02,12.72,0.0,-15.6,12.24,-3.0,6.58,26.64,3.02,-11.0,-4.02,107.84,NENHUM,0.0,0.0,0.0,0.0,0.0,0.0,0.0,0.0,0.0,0.0,0.0,0.0,"{""N"": 0.0, ""P2O5"": 0.0, ""K2O"": 0.0, ""Ca"": 0.0, ""Mg"": 0.0, ""S"": 0.0, ""B"": 0.0, ""Cu"": 0.0, ""Fe"": 0.0, ""Mn"": 0.0, ""Zn"": 0.0}",43.83,2629.8
AM-0202,46.73,3.4,19.05,6.07,5.37,3.57,23.89,15.78,118.86,63.53,47.17,5.19,-9.6,-5.7,-15.44,-1.56,2.1,-32.22,3.12,-0.55,-9.18,24.34,109.0,BORO 15,3.2,0.0,0.0,0.0,0.0,0.0,0.0,15.0,0.0,0.0,0.0,0.0,"{""N"": 0.0, ""P2O5"": 0.0, ""K2O"": 0.0, ""Ca"": 0.0, ""Mg"": 0.0, ""S"": 0.0, ""B"": 15.0, ""Cu"": 0.0, ""Fe"": 0.0, ""Mn"": 0.0, ""Zn"": 0.0}",67.01,4020.6
AM-0203,46.12,4.68,20.74,8.58,5.45,3.99,46.58,13.12,87.02,71.96,30.2,3.36,21.12,4.44,4.64,-0.6,14.7,13.16,-7.52,-15.83,-2.43,-9.6,97.4,NENHUM,0.0,0.0,0.0,0.0,0.0,0.0,0.0,0.0,0.0,0.0,0.0,0.0,"{""N"": 0.0, ""P2O5"": 0.0, ""K2O"": 0.0, ""Ca"": 0.0, ""Mg"": 0.0, ""S"": 0.0, ""B"": 0.0, ""Cu"": 0.0, ""Fe"": 0.0, ""Mn"": 0.0, ""Zn"": 0.0}",48.57,2914.2
AM-0204,49.95,3.57,19.91,8.09,6.35,2.6,36.36,15.63,150.0,67.62,23.74,14.85,-5.52,-0.54,0.72,10.2,-27.0,-7.28,2.52,14.4,-5.9,-22.52,111.45,SULFAMAG,2.1,0.0,0.0,22.0,0.0,18.0,22.0,0.0,0.0,0.0,0.0,0.0,"{""N"": 0.0, ""P2O5"": 0.0, ""K2O"": 22.0, ""Ca"": 0.0, ""Mg"": 18.0, ""S"": 22.0, ""B"": 0.0, ""Cu"": 0.0, ""Fe"": 0.0, ""Mn"": 0.0, ""Zn"": 0.0}",61.04,3662.4
AM-0205,39.98,3.06,19.63,7.07,7.26,3.39,47.74,17.9,114.78,106.65,36.61,-15.06,-17.76,-2.22,-7.44,21.12,-3.3,15.48,11.6,-2.51,25.32,3.22,125.03,MAP PURIFICADO,1.7,12.0,61.0,0.0,0.0,0.0,0.0,0.0,0.0,0.0,0.0,0.0,"{""N"": 12.0, ""P2O5"": 61.0, ""K2O"": 0.0, ""Ca"": 0.0, ""Mg"": 0.0, ""S"": 0.0, ""B"": 0.0, ""Cu"": 0.0, ""Fe"": 0.0, ""Mn"": 0.0, ""Zn"": 0.0}",54.12,3247.2
AM-0206,46.83,4.53,21.41,9.18,5.58,4.06,42.46,12.42,155.08,85.47,32.34,5.49,17.52,8.46,9.44,0.96,16.8,4.92,-10.32,16.84,8.38,-5.32,104.45,NENHUM,0.0,0.0,0.0,0.0,0.0,0.0,0.0,0.0,0.0,0.0,0.0,0.0,"{""N"": 0.0, ""P2O5"": 0.0, ""K2O"": 0.0, ""Ca"": 0.0, ""Mg"": 0.0, ""S"": 0.0, ""B"": 0.0, ""Cu"": 0.0, ""Fe"": 0.0, ""Mn"": 0.0, ""Zn"": 0.0}",45.56,2733.6
AM-0207,46.19,4.03,20.39,8.47,7.2,3.93,41.14,17.82,94.19,80.97,45.86,3.57,5.52,2.34,3.76,20.4,12.9,2.28,11.28,-12.39,4.78,21.72,100.94,NENHUM,0.0,0.0,0.0,0.0,0.0,0.0,0.0,0.0,0.0,0.0,0.0,0.0,"{""N"": 0.0, ""P2O5"": 0.0, ""K2O"": 0.0, ""Ca"": 0.0, ""Mg"": 0.0, ""S"": 0.0, ""B"": 0.0, ""Cu"": 0.0, ""Fe"": 0.0, ""Mn"": 0.0, ""Zn"": 0.0}",47.19,2831.4
AM-0208,41.61,3.47,17.82,6.82,5.13,2.94,40.09,17.71,97.31,97.79,38.06,-10.17,-7.92,-13.08,-9.44,-4.44,-16.8,0.18,10.84,-10.89,18.23,6.12,108.11,SULFAMAG,3.5,0.0,0.0,22.0,0.0,18.0,22.0,0.0,0.0,0.0,0.0,0.0,"{""N"": 0.0, ""P2O5"": 0.0, ""K2O"": 22.0, ""Ca"": 0.0, ""Mg"": 18.0, ""S"": 22.0, ""B"": 0.0, ""Cu"": 0.0, ""Fe"": 0.0, ""Mn"": 0.0, ""Zn"": 0.0}",58.51,3510.6
AM-0209,48.71,3.25,20.2,7.92,4.08,3.94,35.1,13.17,94.67,85.52,25.84,11.13,-13.2,1.2,-0.64,-17.04,13.2,-9.8,-7.32,-12.16,8.42,-18.32,112.43,SULFATO DE ZINCO,3.2,0.0,0.0,0.0,0.0,0.0,10.0,0.0,0.0,0.0,0.0,20.0,"{""N"": 0.0, ""P2O5"": 0.0, ""K2O"": 0.0, ""Ca"": 0.0, ""Mg"": 0.0, ""S"": 10.0, ""B"": 0.0, ""Cu"": 0.0, ""Fe"": 0.0, ""Mn"": 0.0, ""Zn"": 20.0}",56.95,3417.0
AM-0210,47.21,4.11,18.61,8.87,5.76,3.28,33.95,9.11,128.74,51.53,35.57,6.63,7.44,-8.34,6.96,3.12,-6.6,-12.1,-23.56,4.2,-18.78,1.14,98.87,NENHUM,0.0,0.0,0.0,0.0,0.0,0.0,0.0,0.0,0.0,0.0,0.0,0.0,"{""N"": 0.0, ""P2O5"": 0.0, ""K2O"": 0.0, ""Ca"": 0.0, ""Mg"": 0.0, ""S"": 0.0, ""B"": 0.0, ""Cu"": 0.0, ""Fe"": 0.0, ""Mn"": 0.0, ""Zn"": 0.0}",47.66,2859.6
AM-0211,47.72,3.65,19.34,9.1,5.84,3.63,42.82,10.39,138.92,84.19,28.9,8.16,-3.6,-3.96,8.8,4.08,3.9,5.64,-18.44,9.08,7.35,-12.2,85.21,NENHUM,0.0,0.0,0.0,0.0,0.0,0.0,0.0,0.0,0.0,0.0,0.0,0.0,"{""N"": 0.0, ""P2O5"": 0.0, ""K2O"": 0.0, ""Ca"": 0.0, ""Mg"": 0.0, ""S"": 0.0, ""B"": 0.0, ""Cu"": 0.0, ""Fe"": 0.0, ""Mn"": 0.0, ""Zn"": 0.0}",51.53,3091.8
AM-0212,44.84,3.73,20.67,10.15,6.58,2.98,43.73,18.99,129.67,91.36,47.07,-0.48,-1.68,4.02,17.2,12.96,-15.6,7.46,15.96,4.64,13.09,24.14,117.23,SULFAMAG,3.7,0.0,0.0,22.0,0.0,18.0,22.0,0.0,0.0,0.0,0.0,0.0,"{""N"": 0.0, ""P2O5"": 0.0, ""K2O"": 22.0, ""Ca"": 0.0, ""Mg"": 18.0, ""S"": 22.0, ""B"": 0.0, ""Cu"": 0.0, ""Fe"": 0.0, ""Mn"": 0.0, ""Zn"": 0.0}",55.35,3321.0
AM-0213,51.54,4.68,23.54,7.26,4.15,3.28,44.22,15.48,114.84,83.41,26.18,19.62,21.12,21.24,-5.92,-16.2,-6.6,8.44,1.92,-2.48,6.73,-17.64,127.91,SULFATO DE ZINCO,4.0,0.0,0.0,0.0,0.0,0.0,10.0,0.0,0.0,0.0,0.0,20.0,"{""N"": 0.0, ""P2O5"": 0.0, ""K2O"": 0.0, ""Ca"": 0.0, ""Mg"": 0.0, ""S"": 10.0, ""B"": 0.0, ""Cu"": 0.0, ""Fe"": 0.0, ""Mn"": 0.0, ""Zn"": 20.0}",51.65,3099.0
AM-0214,47.5,4.24,18.82,8.19,7.45,3.3,33.65,19.44,169.06,75.06,41.07,7.5,10.56,-7.08,1.52,23.4,-6.0,-12.7,17.76,23.55,0.05,12.14,122.26,BORO 15,2.2,0.0,0.0,0.0,0.0,0.0,0.0,15.0,0.0,0.0,0.0,0.0,"{""N"": 0.0, ""P2O5"": 0.0, ""K2O"": 0.0, ""Ca"": 0.0, ""Mg"": 0.0, ""S"": 0.0, ""B"": 15.0, ""Cu"": 0.0, ""Fe"": 0.0, ""Mn"": 0.0, ""Zn"": 0.0}",52.09,3125.4
AM-0215,46.62,3.29,17.59,8.56,5.1,4.23,45.72,16.42,133.08,94.96,40.08,4.86,-12.24,-14.46,4.48,-4.8,21.9,11.44,5.68,6.28,15.97,10.16,112.27,K-FOL,3.5,0.0,10.0,40.0,0.0,0.0,2.0,0.0,0.0,0.0,0.0,0.0,"{""N"": 0.0, ""P2O5"": 10.0, ""K2O"": 40.0, ""Ca"": 0.0, ""Mg"": 0.0, ""S"": 2.0, ""B"": 0.0, ""Cu"": 0.0, ""Fe"": 0.0, ""Mn"": 0.0, ""Zn"": 0.0}",54.6,3276.0
AM-0216,45.17,4.08,14.94,7.56,5.74,3.04,42.32,14.39,163.89,98.6,32.21,0.51,6.72,-30.36,-3.52,2.88,-13.8,4.64,-2.44,21.07,18.88,-5.58,110.4,K-FOL,1.6,0.0,10.0,40.0,0.0,0.0,2.0,0.0,0.0,0.0,0.0,0.0,"{""N"": 0.0, ""P2O5"": 10.0, ""K2O"": 40.0, ""Ca"": 0.0, ""Mg"": 0.0, ""S"": 2.0, ""B"": 0.0, ""Cu"": 0.0, ""Fe"": 0.0, ""Mn"": 0.0, ""Zn"": 0.0}",60.56,3633.6
AM-0217,41.77,3.73,21.86,8.39,5.83,3.82,42.57,13.98,115.84,78.18,29.63,-9.69,-1.68,11.16,3.12,3.96,9.6,5.14,-4.08,-2.0,2.54,-10.74,63.71,SULFATO DE ZINCO,3.5,0.0,0.0,0.0,0.0,0.0,10.0,0.0,0.0,0.0,0.0,20.0,"{""N"": 0.0, ""P2O5"": 0.0, ""K2O"": 0.0, ""Ca"": 0.0, ""Mg"": 0.0, ""S"": 10.0, ""B"": 0.0, ""Cu"": 0.0, ""Fe"": 0.0, ""Mn"": 0.0, ""Zn"": 20.0}",67.18,4030.8
AM-0218,46.01,4.21,19.93,8.68,4.98,3.42,38.76,12.76,115.58,51.77,32.05,3.03,9.84,-0.42,5.44,-6.24,-2.4,-2.48,-8.96,-2.12,-18.58,-5.9,65.41,SULFATO DE Mn 31%,1.9,0.0,0.0,0.0,0.0,0.0,18.0,0.0,0.0,0.0,31.0,0.0,"{""N"": 0.0, ""P2O5"": 0.0, ""K2O"": 0.0, ""Ca"": 0.0, ""Mg"": 0.0, ""S"": 18.0, ""B"": 0.0, ""Cu"": 0.0, ""Fe"": 0.0, ""Mn"": 31.0, ""Zn"": 0.0}",66.92,4015.2
AM-0219,38.19,3.57,18.77,9.58,4.49,3.2,37.71,13.26,154.23,57.92,32.72,-20.43,-5.52,-7.38,12.64,-12.12,-9.0,-4.58,-6.96,16.43,-13.66,-4.56,113.28,QUIMIFOL 30 N,2.4,30.0,0.0,0.0,0.0,0.0,0.0,0.0,0.0,0.0,0.0,0.0,"{""N"": 30.0, ""P2O5"": 0.0, ""K2O"": 0.0, ""Ca"": 0.0, ""Mg"": 0.0, ""S"": 0.0, ""B"": 0.0, ""Cu"": 0.0, ""Fe"": 0.0, ""Mn"": 0.0, ""Zn"": 0.0}",56.51,3390.6
AM-0220,44.87,3.38,21.15,5.32,5.14,3.62,41.1,23.08,128.75,59.94,34.43,-0.39,-10.08,6.9,-21.44,-4.32,3.6,2.2,32.32,4.2,-12.05,-1.14,98.64,NENHUM,0.0,0.0,0.0,0.0,0.0,0.0,0.0,0.0,0.0,0.0,0.0,0.0,"{""N"": 0.0, ""P2O5"": 0.0, ""K2O"": 0.0, ""Ca"": 0.0, ""Mg"": 0.0, ""S"": 0.0, ""B"": 0.0, ""Cu"": 0.0, ""Fe"": 0.0, ""Mn"": 0.0, ""Zn"": 0.0}",43.94,2636.4
AM-0221,44.68,3.38,21.83,7.18,5.38,3.25,50.43,14.04,165.81,87.21,37.89,-0.96,-10.08,10.98,-6.56,-1.44,-7.5,20.86,-3.84,21.99,9.77,5.78,99.76,MAP PURIFICADO,2.3,12.0,61.0,0.0,0.0,0.0,0.0,0.0,0.0,0.0,0.0,0.0,"{""N"": 12.0, ""P2O5"": 61.0, ""K2O"": 0.0, ""Ca"": 0.0, ""Mg"": 0.0, ""S"": 0.0, ""B"": 0.0, ""Cu"": 0.0, ""Fe"": 0.0, ""Mn"": 0.0, ""Zn"": 0.0}",54.57,3274.2
AM-0222,49.9,3.87,17.63,7.25,7.2,3.47,20.05,10.59,109.39,90.54,33.36,14.7,1.68,-14.22,-6.0,20.4,-0.9,-39.9,-17.64,-5.09,12.43,-3.28,136.24,BORO 15,2.3,0.0,0.0,0.0,0.0,0.0,0.0,15.0,0.0,0.0,0.0,0.0,"{""N"": 0.0, ""P2O5"": 0.0, ""K2O"": 0.0, ""Ca"": 0.0, ""Mg"": 0.0, ""S"": 0.0, ""B"": 15.0, ""Cu"": 0.0, ""Fe"": 0.0, ""Mn"": 0.0, ""Zn"": 0.0}",62.57,3754.2
AM-0223,51.25,3.66,19.51,7.55,7.4,4.15,53.31,14.52,127.39,52.25,43.86,18.75,-3.36,-2.94,-3.6,22.8,19.5,26.62,-1.92,3.55,-18.2,17.72,138.96,SULFATO DE Mn 31%,1.9,0.0,0.0,0.0,0.0,0.0,18.0,0.0,0.0,0.0,31.0,0.0,"{""N"": 0.0, ""P2O5"": 0.0, ""K2O"": 0.0, ""Ca"": 0.0, ""Mg"": 0.0, ""S"": 18.0, ""B"": 0.0, ""Cu"": 0.0, ""Fe"": 0.0, ""Mn"": 31.0, ""Zn"": 0.0}",43.92,2635.2
AM-0224,39.83,3.95,18.18,6.93,5.94,3.33,42.28,14.43,121.69,81.68,32.9,-15.51,3.6,-10.92,-8.56,5.28,-5.1,4.56,-2.28,0.81,5.34,-4.2,66.16,QUIMIFOL 30 N,3.5,30.0,0.0,0.0,0.0,0.0,0.0,0.0,0.0,0.0,0.0,0.0,"{""N"": 30.0, ""P2O5"": 0.0, ""K2O"": 0.0, ""Ca"": 0.0, ""Mg"": 0.0, ""S"": 0.0, ""B"": 0.0, ""Cu"": 0.0, ""Fe"": 0.0, ""Mn"": 0.0, ""Zn"": 0.0}",64.41,3864.6
AM-0225,42.13,3.68,22.36,8.29,4.97,3.69,33.39,17.04,130.22,70.38,29.97,-8.61,-2.88,14.16,2.32,-6.36,5.7,-13.22,8.16,4.91,-3.7,-10.06,80.08,BORO 15,1.5,0.0,0.0,0.0,0.0,0.0,0.0,15.0,0.0,0.0,0.0,0.0,"{""N"": 0.0, ""P2O5"": 0.0, ""K2O"": 0.0, ""Ca"": 0.0, ""Mg"": 0.0, ""S"": 0.0, ""B"": 15.0, ""Cu"": 0.0, ""Fe"": 0.0, ""Mn"": 0.0, ""Zn"": 0.0}",58.2,3492.0
AM-0226,46.18,3.99,22.71,9.03,5.36,3.03,35.71,14.21,140.73,74.59,31.06,3.54,4.56,16.26,8.24,-1.68,-14.1,-8.58,-3.16,9.95,-0.33,-7.88,78.28,SULFAMAG,3.8,0.0,0.0,22.0,0.0,18.0,22.0,0.0,0.0,0.0,0.0,0.0,"{""N"": 0.0, ""P2O5"": 0.0, ""K2O"": 22.0, ""Ca"": 0.0, ""Mg"": 18.0, ""S"": 22.0, ""B"": 0.0, ""Cu"": 0.0, ""Fe"": 0.0, ""Mn"": 0.0, ""Zn"": 0.0}",61.01,3660.6
AM-0227,36.05,2.74,18.79,8.69,2.75,3.3,36.84,19.17,110.37,80.74,35.85,-26.85,-25.44,-7.26,5.52,-33.0,-6.0,-6.32,16.68,-4.62,4.59,1.7,137.98,SULFAMAG,3.0,0.0,0.0,22.0,0.0,18.0,22.0,0.0,0.0,0.0,0.0,0.0,"{""N"": 0.0, ""P2O5"": 0.0, ""K2O"": 22.0, ""Ca"": 0.0, ""Mg"": 18.0, ""S"": 22.0, ""B"": 0.0, ""Cu"": 0.0, ""Fe"": 0.0, ""Mn"": 0.0, ""Zn"": 0.0}",51.34,3080.4
AM-0228,45.09,4.24,18.7,8.0,5.56,3.3,47.2,14.34,81.17,70.48,36.5,0.27,10.56,-7.8,0.0,0.72,-6.0,14.4,-2.64,-18.64,-3.62,3.0,67.65,NENHUM,0.0,0.0,0.0,0.0,0.0,0.0,0.0,0.0,0.0,0.0,0.0,0.0,"{""N"": 0.0, ""P2O5"": 0.0, ""K2O"": 0.0, ""Ca"": 0.0, ""Mg"": 0.0, ""S"": 0.0, ""B"": 0.0, ""Cu"": 0.0, ""Fe"": 0.0, ""Mn"": 0.0, ""Zn"": 0.0}",54.82,3289.2
AM-0229,41.74,3.53,22.44,7.27,6.93,3.25,41.95,13.66,138.85,58.23,39.46,-9.78,-6.48,14.64,-5.84,17.16,-7.5,3.9,-5.36,9.05,-13.42,8.92,102.05,SULFATO DE Mn 31%,2.5,0.0,0.0,0.0,0.0,0.0,18.0,0.0,0.0,0.0,31.0,0.0,"{""N"": 0.0, ""P2O5"": 0.0, ""K2O"": 0.0, ""Ca"": 0.0, ""Mg"": 0.0, ""S"": 18.0, ""B"": 0.0, ""Cu"": 0.0, ""Fe"": 0.0, ""Mn"": 31.0, ""Zn"": 0.0}",55.26,3315.6
AM-0230,45.39,4.45,18.56,9.12,5.31,3.47,40.55,15.76,117.09,78.22,44.47,1.17,15.6,-8.64,8.96,-2.28,-0.9,1.1,3.04,-1.4,2.58,18.94,64.61,K-FOL,2.3,0.0,10.0,40.0,0.0,0.0,2.0,0.0,0.0,0.0,0.0,0.0,"{""N"": 0.0, ""P2O5"": 10.0, ""K2O"": 40.0, ""Ca"": 0.0, ""Mg"": 0.0, ""S"": 2.0, ""B"": 0.0, ""Cu"": 0.0, ""Fe"": 0.0, ""Mn"": 0.0, ""Zn"": 0.0}",65.16,3909.6
AM-0231,46.33,4.07,18.07,6.53,6.49,3.92,33.47,11.16,117.29,63.01,30.08,3.99,6.48,-11.58,-11.76,11.88,12.6,-13.06,-15.36,-1.3,-9.59,-9.84,107.44,NENHUM,0.0,0.0,0.0,0.0,0.0,0.0,0.0,0.0,0.0,0.0,0.0,0.0,"{""N"": 0.0, ""P2O5"": 0.0, ""K2O"": 0.0, ""Ca"": 0.0, ""Mg"": 0.0, ""S"": 0.0, ""B"": 0.0, ""Cu"": 0.0, ""Fe"": 0.0, ""Mn"": 0.0, ""Zn"": 0.0}",42.79,2567.4
AM-0232,43.13,3.22,17.81,8.45,5.44,3.69,30.11,15.03,171.89,69.42,39.95,-5.61,-13.92,-13.14,3.6,-0.72,5.7,-19.78,0.12,24.91,-4.46,9.9,101.86,BORO 15,2.9,0.0,0.0,0.0,0.0,0.0,0.0,15.0,0.0,0.0,0.0,0.0,"{""N"": 0.0, ""P2O5"": 0.0, ""K2O"": 0.0, ""Ca"": 0.0, ""Mg"": 0.0, ""S"": 0.0, ""B"": 15.0, ""Cu"": 0.0, ""Fe"": 0.0, ""Mn"": 0.0, ""Zn"": 0.0}",61.0,3660.0
AM-0233,41.2,4.67,21.86,7.65,6.64,3.06,35.05,13.17,106.78,59.15,42.34,-11.4,20.88,11.16,-2.8,13.68,-13.2,-9.9,-7.32,-6.35,-12.68,14.68,124.05,SULFAMAG,1.8,0.0,0.0,22.0,0.0,18.0,22.0,0.0,0.0,0.0,0.0,0.0,"{""N"": 0.0, ""P2O5"": 0.0, ""K2O"": 22.0, ""Ca"": 0.0, ""Mg"": 18.0, ""S"": 22.0, ""B"": 0.0, ""Cu"": 0.0, ""Fe"": 0.0, ""Mn"": 0.0, ""Zn"": 0.0}",47.63,2857.8
AM-0234,45.92,4.66,19.87,5.22,6.28,2.85,32.75,14.28,123.07,59.87,33.34,2.76,20.64,-0.78,-22.24,9.36,-19.5,-14.5,-2.88,1.47,-12.1,-3.32,109.55,NENHUM,0.0,0.0,0.0,0.0,0.0,0.0,0.0,0.0,0.0,0.0,0.0,0.0,"{""N"": 0.0, ""P2O5"": 0.0, ""K2O"": 0.0, ""Ca"": 0.0, ""Mg"": 0.0, ""S"": 0.0, ""B"": 0.0, ""Cu"": 0.0, ""Fe"": 0.0, ""Mn"": 0.0, ""Zn"": 0.0}",47.11,2826.6
AM-0235,48.41,4.43,23.82,9.21,5.28,3.84,42.8,16.52,124.43,61.32,28.83,10.23,15.12,22.92,9.68,-2.64,10.2,5.6,6.08,2.13,-10.94,-12.34,107.88,SULFATO DE ZINCO,4.0,0.0,0.0,0.0,0.0,0.0,10.0,0.0,0.0,0.0,0.0,20.0,"{""N"": 0.0, ""P2O5"": 0.0, ""K2O"": 0.0, ""Ca"": 0.0, ""Mg"": 0.0, ""S"": 10.0, ""B"": 0.0, ""Cu"": 0.0, ""Fe"": 0.0, ""Mn"": 0.0, ""Zn"": 20.0}",53.33,3199.8
AM-0236,51.07,4.1,20.14,7.68,4.55,3.53,41.55,11.27,128.35,72.67,23.55,18.21,7.2,0.84,-2.56,-11.4,0.9,3.1,-14.92,4.01,-1.86,-22.9,87.9,SULFATO DE ZINCO,1.6,0.0,0.0,0.0,0.0,0.0,10.0,0.0,0.0,0.0,0.0,20.0,"{""N"": 0.0, ""P2O5"": 0.0, ""K2O"": 0.0, ""Ca"": 0.0, ""Mg"": 0.0, ""S"": 10.0, ""B"": 0.0, ""Cu"": 0.0, ""Fe"": 0.0, ""Mn"": 0.0, ""Zn"": 20.0}",61.19,3671.4
AM-0237,45.52,3.65,16.96,7.65,4.08,3.76,28.81,18.09,130.74,81.5,22.01,1.56,-3.6,-18.24,-2.8,-17.04,7.8,-22.38,12.36,5.16,5.2,-25.98,122.12,SULFATO DE ZINCO,2.4,0.0,0.0,0.0,0.0,0.0,10.0,0.0,0.0,0.0,0.0,20.0,"{""N"": 0.0, ""P2O5"": 0.0, ""K2O"": 0.0, ""Ca"": 0.0, ""Mg"": 0.0, ""S"": 10.0, ""B"": 0.0, ""Cu"": 0.0, ""Fe"": 0.0, ""Mn"": 0.0, ""Zn"": 20.0}",55.48,3328.8
AM-0238,42.67,4.32,16.96,3.75,5.05,3.72,47.2,13.61,109.71,92.31,23.78,-6.99,12.48,-18.24,-34.0,-5.4,6.6,14.4,-5.56,-4.94,13.85,-22.44,144.9,NENHUM,0.0,0.0,0.0,0.0,0.0,0.0,0.0,0.0,0.0,0.0,0.0,0.0,"{""N"": 0.0, ""P2O5"": 0.0, ""K2O"": 0.0, ""Ca"": 0.0, ""Mg"": 0.0, ""S"": 0.0, ""B"": 0.0, ""Cu"": 0.0, ""Fe"": 0.0, ""Mn"": 0.0, ""Zn"": 0.0}",38.0,2280.0
AM-0239,45.76,4.02,18.98,8.05,3.01,3.24,42.72,12.05,121.47,81.7,32.94,2.28,5.28,-6.12,0.4,-29.88,-7.8,5.44,-11.8,0.71,5.36,-4.12,79.19,SULFAMAG,2.5,0.0,0.0,22.0,0.0,18.0,22.0,0.0,0.0,0.0,0.0,0.0,"{""N"": 0.0, ""P2O5"": 0.0, ""K2O"": 22.0, ""Ca"": 0.0, ""Mg"": 18.0, ""S"": 22.0, ""B"": 0.0, ""Cu"": 0.0, ""Fe"": 0.0, ""Mn"": 0.0, ""Zn"": 0.0}",71.06,4263.6
AM-0240,46.07,3.35,20.36,8.73,5.28,3.25,26.89,18.43,130.08,81.41,25.63,3.21,-10.8,2.16,5.84,-2.64,-7.5,-26.22,13.72,4.84,5.13,-18.74,100.8,BORO 15,2.1,0.0,0.0,0.0,0.0,0.0,0.0,15.0,0.0,0.0,0.0,0.0,"{""N"": 0.0, ""P2O5"": 0.0, ""K2O"": 0.0, ""Ca"": 0.0, ""Mg"": 0.0, ""S"": 0.0, ""B"": 15.0, ""Cu"": 0.0, ""Fe"": 0.0, ""Mn"": 0.0, ""Zn"": 0.0}",65.5,3930.0
AM-0241,43.85,3.41,23.47,6.71,4.94,3.58,32.79,13.81,127.94,70.01,34.44,-3.45,-9.36,20.82,-10.32,-6.72,2.4,-14.42,-4.76,3.81,-3.99,-1.12,81.17,BORO 15,1.9,0.0,0.0,0.0,0.0,0.0,0.0,15.0,0.0,0.0,0.0,0.0,"{""N"": 0.0, ""P2O5"": 0.0, ""K2O"": 0.0, ""Ca"": 0.0, ""Mg"": 0.0, ""S"": 0.0, ""B"": 15.0, ""Cu"": 0.0, ""Fe"": 0.0, ""Mn"": 0.0, ""Zn"": 0.0}",59.67,3580.2
AM-0242,45.61,4.31,20.03,5.64,5.85,3.4,48.22,19.29,156.61,66.58,46.94,1.83,12.24,0.18,-18.88,4.2,-3.0,16.44,17.16,17.57,-6.74,23.88,122.12,NENHUM,0.0,0.0,0.0,0.0,0.0,0.0,0.0,0.0,0.0,0.0,0.0,0.0,"{""N"": 0.0, ""P2O5"": 0.0, ""K2O"": 0.0, ""Ca"": 0.0, ""Mg"": 0.0, ""S"": 0.0, ""B"": 0.0, ""Cu"": 0.0, ""Fe"": 0.0, ""Mn"": 0.0, ""Zn"": 0.0}",42.68,2560.8
AM-0243,51.51,3.55,19.4,8.41,5.65,4.0,38.61,18.49,138.31,71.8,38.93,19.53,-6.0,-3.6,3.28,1.8,15.0,-2.78,13.96,8.79,-2.56,7.86,85.16,MAP PURIFICADO,2.7,12.0,61.0,0.0,0.0,0.0,0.0,0.0,0.0,0.0,0.0,0.0,"{""N"": 12.0, ""P2O5"": 61.0, ""K2O"": 0.0, ""Ca"": 0.0, ""Mg"": 0.0, ""S"": 0.0, ""B"": 0.0, ""Cu"": 0.0, ""Fe"": 0.0, ""Mn"": 0.0, ""Zn"": 0.0}",54.4,3264.0
AM-0244,37.2,3.87,16.36,9.14,5.41,3.67,34.82,18.84,146.04,83.75,34.22,-23.4,1.68,-21.84,9.12,-1.08,5.1,-10.36,15.36,12.5,7.0,-1.56,109.0,QUIMIFOL 30 N,3.5,30.0,0.0,0.0,0.0,0.0,0.0,0.0,0.0,0.0,0.0,0.0,"{""N"": 30.0, ""P2O5"": 0.0, ""K2O"": 0.0, ""Ca"": 0.0, ""Mg"": 0.0, ""S"": 0.0, ""B"": 0.0, ""Cu"": 0.0, ""Fe"": 0.0, ""Mn"": 0.0, ""Zn"": 0.0}",61.15,3669.0
AM-0245,45.29,3.63,22.56,9.63,5.94,3.04,35.71,11.91,63.8,93.92,33.03,0.87,-4.08,15.36,13.04,5.28,-13.8,-8.58,-12.36,-26.98,15.14,-3.94,119.43,NENHUM,0.0,0.0,0.0,0.0,0.0,0.0,0.0,0.0,0.0,0.0,0.0,0.0,"{""N"": 0.0, ""P2O5"": 0.0, ""K2O"": 0.0, ""Ca"": 0.0, ""Mg"": 0.0, ""S"": 0.0, ""B"": 0.0, ""Cu"": 0.0, ""Fe"": 0.0, ""Mn"": 0.0, ""Zn"": 0.0}",41.71,2502.6
AM-0246,50.98,3.56,18.32,7.66,4.37,3.64,37.76,13.48,105.15,73.41,35.5,17.94,-5.76,-10.08,-2.72,-13.56,4.2,-4.48,-6.08,-7.13,-1.27,1.0,74.22,SULFAMAG,2.5,0.0,0.0,22.0,0.0,18.0,22.0,0.0,0.0,0.0,0.0,0.0,"{""N"": 0.0, ""P2O5"": 0.0, ""K2O"": 22.0, ""Ca"": 0.0, ""Mg"": 18.0, ""S"": 22.0, ""B"": 0.0, ""Cu"": 0.0, ""Fe"": 0.0, ""Mn"": 0.0, ""Zn"": 0.0}",61.55,3693.0
AM-0247,45.29,3.59,19.82,7.94,3.77,4.1,40.25,16.33,143.79,59.68,37.84,0.87,-5.04,-1.08,-0.48,-20.76,18.0,0.5,5.32,11.42,-12.26,5.68,81.41,SULFAMAG,2.4,0.0,0.0,22.0,0.0,18.0,22.0,0.0,0.0,0.0,0.0,0.0,"{""N"": 0.0, ""P2O5"": 0.0, ""K2O"": 22.0, ""Ca"": 0.0, ""Mg"": 18.0, ""S"": 22.0, ""B"": 0.0, ""Cu"": 0.0, ""Fe"": 0.0, ""Mn"": 0.0, ""Zn"": 0.0}",64.12,3847.2
AM-0248,42.48,3.83,22.42,7.6,4.91,3.76,43.81,13.35,70.36,65.85,39.06,-7.56,0.72,14.52,-3.2,-7.08,7.8,7.62,-6.6,-23.83,-7.32,8.12,94.37,NENHUM,0.0,0.0,0.0,0.0,0.0,0.0,0.0,0.0,0.0,0.0,0.0,0.0,"{""N"": 0.0, ""P2O5"": 0.0, ""K2O"": 0.0, ""Ca"": 0.0, ""Mg"": 0.0, ""S"": 0.0, ""B"": 0.0, ""Cu"": 0.0, ""Fe"": 0.0, ""Mn"": 0.0, ""Zn"": 0.0}",47.64,2858.4
AM-0249,44.96,3.47,16.14,6.99,6.17,2.55,41.51,11.44,135.21,85.71,33.97,-0.12,-7.92,-23.16,-8.08,8.04,-28.5,3.02,-14.24,7.3,8.57,-2.06,111.01,SULFAMAG,2.2,0.0,0.0,22.0,0.0,18.0,22.0,0.0,0.0,0.0,0.0,0.0,"{""N"": 0.0, ""P2O5"": 0.0, ""K2O"": 22.0, ""Ca"": 0.0, ""Mg"": 18.0, ""S"": 22.0, ""B"": 0.0, ""Cu"": 0.0, ""Fe"": 0.0, ""Mn"": 0.0, ""Zn"": 0.0}",60.14,3608.4
AM-0250,40.38,2.92,19.22,8.24,5.4,3.33,34.33,16.82,87.07,86.64,28.99,-13.86,-21.12,-4.68,1.92,-1.2,-5.1,-11.34,7.28,-15.81,9.31,-12.02,103.64,MAP PURIFICADO,2.5,12.0,61.0,0.0,0.0,0.0,0.0,0.0,0.0,0.0,0.0,0.0,"{""N"": 12.0, ""P2O5"": 61.0, ""K2O"": 0.0, ""Ca"": 0.0, ""Mg"": 0.0, ""S"": 0.0, ""B"": 0.0, ""Cu"": 0.0, ""Fe"": 0.0, ""Mn"": 0.0, ""Zn"": 0.0}",56.98,3418.8
AM-0251,48.05,3.23,21.03,9.46,5.12,3.97,42.89,12.91,155.04,57.87,32.74,9.15,-13.68,6.18,11.68,-4.56,14.1,5.78,-8.36,16.82,-13.7,-4.52,108.53,SULFATO DE Mn 31%,4.0,0.0,0.0,0.0,0.0,0.0,18.0,0.0,0.0,0.0,31.0,0.0,"{""N"": 0.0, ""P2O5"": 0.0, ""K2O"": 0.0, ""Ca"": 0.0, ""Mg"": 0.0, ""S"": 18.0, ""B"": 0.0, ""Cu"": 0.0, ""Fe"": 0.0, ""Mn"": 31.0, ""Zn"": 0.0}",53.73,3223.8
AM-0252,48.57,4.71,19.18,9.07,7.78,3.25,30.79,9.36,137.82,46.75,32.77,10.71,21.84,-4.92,8.56,27.36,-7.5,-18.42,-22.56,8.55,-22.6,-4.46,157.48,SULFATO DE Mn 31%,3.8,0.0,0.0,0.0,0.0,0.0,18.0,0.0,0.0,0.0,31.0,0.0,"{""N"": 0.0, ""P2O5"": 0.0, ""K2O"": 0.0, ""Ca"": 0.0, ""Mg"": 0.0, ""S"": 18.0, ""B"": 0.0, ""Cu"": 0.0, ""Fe"": 0.0, ""Mn"": 31.0, ""Zn"": 0.0}",47.03,2821.8
AM-0253,48.71,4.07,22.94,8.44,6.16,3.21,43.52,13.81,108.67,88.42,40.41,11.13,6.48,17.64,3.52,7.92,-8.7,7.04,-4.76,-5.44,10.74,10.82,94.19,SULFAMAG,3.0,0.0,0.0,22.0,0.0,18.0,22.0,0.0,0.0,0.0,0.0,0.0,"{""N"": 0.0, ""P2O5"": 0.0, ""K2O"": 22.0, ""Ca"": 0.0, ""Mg"": 18.0, ""S"": 22.0, ""B"": 0.0, ""Cu"": 0.0, ""Fe"": 0.0, ""Mn"": 0.0, ""Zn"": 0.0}",58.94,3536.4
AM-0254,47.94,4.69,16.69,7.21,4.76,3.79,33.7,17.27,154.26,85.43,36.7,8.82,21.36,-19.86,-6.32,-8.88,8.7,-12.6,9.08,16.44,8.34,3.4,123.8,K-FOL,3.6,0.0,10.0,40.0,0.0,0.0,2.0,0.0,0.0,0.0,0.0,0.0,"{""N"": 0.0, ""P2O5"": 10.0, ""K2O"": 40.0, ""Ca"": 0.0, ""Mg"": 0.0, ""S"": 2.0, ""B"": 0.0, ""Cu"": 0.0, ""Fe"": 0.0, ""Mn"": 0.0, ""Zn"": 0.0}",51.02,3061.2
AM-0255,43.86,2.74,19.58,8.8,5.18,3.49,38.89,14.03,121.9,70.91,43.66,-3.42,-25.44,-2.52,6.4,-3.84,-0.3,-2.22,-3.88,0.91,-3.27,17.32,69.52,MAP PURIFICADO,1.9,12.0,61.0,0.0,0.0,0.0,0.0,0.0,0.0,0.0,0.0,0.0,"{""N"": 12.0, ""P2O5"": 61.0, ""K2O"": 0.0, ""Ca"": 0.0, ""Mg"": 0.0, ""S"": 0.0, ""B"": 0.0, ""Cu"": 0.0, ""Fe"": 0.0, ""Mn"": 0.0, ""Zn"": 0.0}",64.64,3878.4
AM-0256,49.03,3.17,20.37,9.41,5.51,4.65,29.99,18.18,115.68,86.58,37.65,12.09,-15.12,2.22,11.28,0.12,34.5,-20.02,12.72,-2.07,9.26,5.3,124.7,BORO 15,2.2,0.0,0.0,0.0,0.0,0.0,0.0,15.0,0.0,0.0,0.0,0.0,"{""N"": 0.0, ""P2O5"": 0.0, ""K2O"": 0.0, ""Ca"": 0.0, ""Mg"": 0.0, ""S"": 0.0, ""B"": 15.0, ""Cu"": 0.0, ""Fe"": 0.0, ""Mn"": 0.0, ""Zn"": 0.0}",50.24,3014.4
AM-0257,52.61,3.92,20.22,8.23,6.68,3.96,39.31,15.76,136.32,57.93,42.28,22.83,2.88,1.32,1.84,14.16,13.8,-1.38,3.04,7.83,-13.66,14.56,97.3,SULFATO DE Mn 31%,1.5,0.0,0.0,0.0,0.0,0.0,18.0,0.0,0.0,0.0,31.0,0.0,"{""N"": 0.0, ""P2O5"": 0.0, ""K2O"": 0.0, ""Ca"": 0.0, ""Mg"": 0.0, ""S"": 18.0, ""B"": 0.0, ""Cu"": 0.0, ""Fe"": 0.0, ""Mn"": 31.0, ""Zn"": 0.0}",60.16,3609.6
AM-0258,41.38,4.39,21.33,10.91,4.62,3.35,41.39,16.94,114.61,61.91,40.29,-10.86,14.16,7.98,23.28,-10.56,-4.5,2.78,7.76,-2.59,-10.47,10.58,105.52,QUIMIFOL 30 N,1.8,30.0,0.0,0.0,0.0,0.0,0.0,0.0,0.0,0.0,0.0,0.0,"{""N"": 30.0, ""P2O5"": 0.0, ""K2O"": 0.0, ""Ca"": 0.0, ""Mg"": 0.0, ""S"": 0.0, ""B"": 0.0, ""Cu"": 0.0, ""Fe"": 0.0, ""Mn"": 0.0, ""Zn"": 0.0}",54.02,3241.2
AM-0259,39.81,3.42,20.05,7.55,6.11,4.61,40.59,12.47,155.46,51.17,26.67,-15.57,-9.12,0.3,-3.6,7.32,33.3,1.18,-10.12,17.02,-19.06,-16.66,133.25,SULFATO DE Mn 31%,1.7,0.0,0.0,0.0,0.0,0.0,18.0,0.0,0.0,0.0,31.0,0.0,"{""N"": 0.0, ""P2O5"": 0.0, ""K2O"": 0.0, ""Ca"": 0.0, ""Mg"": 0.0, ""S"": 18.0, ""B"": 0.0, ""Cu"": 0.0, ""Fe"": 0.0, ""Mn"": 31.0, ""Zn"": 0.0}",47.24,2834.4
AM-0260,42.49,3.66,22.84,4.27,6.78,3.64,32.76,11.77,161.91,60.82,28.08,-7.53,-3.36,17.04,-29.84,15.36,4.2,-14.48,-12.92,20.12,-11.34,-13.84,150.03,NENHUM,0.0,0.0,0.0,0.0,0.0,0.0,0.0,0.0,0.0,0.0,0.0,0.0,"{""N"": 0.0, ""P2O5"": 0.0, ""K2O"": 0.0, ""Ca"": 0.0, ""Mg"": 0.0, ""S"": 0.0, ""B"": 0.0, ""Cu"": 0.0, ""Fe"": 0.0, ""Mn"": 0.0, ""Zn"": 0.0}",38.0,2280.0
AM-0261,46.35,3.33,20.43,6.46,6.6,3.92,43.19,16.08,164.03,75.0,27.91,4.05,-11.28,2.58,-12.32,13.2,12.6,6.38,4.32,21.13,0.0,-14.18,102.04,SULFATO DE ZINCO,1.6,0.0,0.0,0.0,0.0,0.0,10.0,0.0,0.0,0.0,0.0,20.0,"{""N"": 0.0, ""P2O5"": 0.0, ""K2O"": 0.0, ""Ca"": 0.0, ""Mg"": 0.0, ""S"": 10.0, ""B"": 0.0, ""Cu"": 0.0, ""Fe"": 0.0, ""Mn"": 0.0, ""Zn"": 20.0}",55.95,3357.0
AM-0262,43.16,2.93,22.09,8.52,5.2,3.4,55.33,13.07,98.67,76.28,42.08,-5.52,-20.88,12.54,4.16,-3.6,-3.0,30.66,-7.72,-10.24,1.02,14.16,113.5,MAP PURIFICADO,2.1,12.0,61.0,0.0,0.0,0.0,0.0,0.0,0.0,0.0,0.0,0.0,"{""N"": 12.0, ""P2O5"": 61.0, ""K2O"": 0.0, ""Ca"": 0.0, ""Mg"": 0.0, ""S"": 0.0, ""B"": 0.0, ""Cu"": 0.0, ""Fe"": 0.0, ""Mn"": 0.0, ""Zn"": 0.0}",61.29,3677.4
AM-0263,49.42,4.04,20.0,7.12,4.41,3.83,45.48,10.36,159.75,83.61,43.4,13.26,5.76,0.0,-7.04,-13.08,9.9,10.96,-18.56,19.08,6.89,16.8,121.33,NENHUM,0.0,0.0,0.0,0.0,0.0,0.0,0.0,0.0,0.0,0.0,0.0,0.0,"{""N"": 0.0, ""P2O5"": 0.0, ""K2O"": 0.0, ""Ca"": 0.0, ""Mg"": 0.0, ""S"": 0.0, ""B"": 0.0, ""Cu"": 0.0, ""Fe"": 0.0, ""Mn"": 0.0, ""Zn"": 0.0}",38.67,2320.2
AM-0264,39.54,3.73,21.01,10.69,6.21,3.4,33.84,18.69,95.88,99.43,33.29,-16.38,-1.68,6.06,21.52,8.52,-3.0,-12.32,14.76,-11.58,19.54,-3.42,118.78,QUIMIFOL 30 N,2.5,30.0,0.0,0.0,0.0,0.0,0.0,0.0,0.0,0.0,0.0,0.0,"{""N"": 30.0, ""P2O5"": 0.0, ""K2O"": 0.0, ""Ca"": 0.0, ""Mg"": 0.0, ""S"": 0.0, ""B"": 0.0, ""Cu"": 0.0, ""Fe"": 0.0, ""Mn"": 0.0, ""Zn"": 0.0}",55.93,3355.8
AM-0265,45.87,3.31,19.82,8.51,5.32,3.3,32.5,15.07,68.38,64.71,29.43,2.61,-11.76,-1.08,4.08,-2.16,-6.0,-15.0,0.28,-24.78,-8.23,-11.14,87.12,NENHUM,0.0,0.0,0.0,0.0,0.0,0.0,0.0,0.0,0.0,0.0,0.0,0.0,"{""N"": 0.0, ""P2O5"": 0.0, ""K2O"": 0.0, ""Ca"": 0.0, ""Mg"": 0.0, ""S"": 0.0, ""B"": 0.0, ""Cu"": 0.0, ""Fe"": 0.0, ""Mn"": 0.0, ""Zn"": 0.0}",51.01,3060.6
AM-0266,44.15,4.28,23.17,6.32,7.49,3.19,41.04,16.53,181.11,66.87,24.22,-2.55,11.52,19.02,-13.44,23.88,-9.3,2.08,6.12,29.33,-6.5,-21.56,145.3,SULFATO DE ZINCO,2.3,0.0,0.0,0.0,0.0,0.0,10.0,0.0,0.0,0.0,0.0,20.0,"{""N"": 0.0, ""P2O5"": 0.0, ""K2O"": 0.0, ""Ca"": 0.0, ""Mg"": 0.0, ""S"": 10.0, ""B"": 0.0, ""Cu"": 0.0, ""Fe"": 0.0, ""Mn"": 0.0, ""Zn"": 20.0}",50.98,3058.8
AM-0267,43.88,3.32,21.01,6.91,7.67,3.98,41.28,18.08,147.65,66.54,30.1,-3.36,-11.52,6.06,-8.72,26.04,14.4,2.56,12.32,13.27,-6.77,-9.8,114.82,MAP PURIFICADO,2.9,12.0,61.0,0.0,0.0,0.0,0.0,0.0,0.0,0.0,0.0,0.0,"{""N"": 12.0, ""P2O5"": 61.0, ""K2O"": 0.0, ""Ca"": 0.0, ""Mg"": 0.0, ""S"": 0.0, ""B"": 0.0, ""Cu"": 0.0, ""Fe"": 0.0, ""Mn"": 0.0, ""Zn"": 0.0}",50.73,3043.8
AM-0268,44.18,4.2,18.46,7.34,5.28,3.04,35.46,15.52,150.06,79.76,34.72,-2.46,9.6,-9.24,-5.28,-2.64,-13.8,-9.08,2.08,14.43,3.81,-0.56,72.98,SULFAMAG,3.1,0.0,0.0,22.0,0.0,18.0,22.0,0.0,0.0,0.0,0.0,0.0,"{""N"": 0.0, ""P2O5"": 0.0, ""K2O"": 22.0, ""Ca"": 0.0, ""Mg"": 18.0, ""S"": 22.0, ""B"": 0.0, ""Cu"": 0.0, ""Fe"": 0.0, ""Mn"": 0.0, ""Zn"": 0.0}",61.62,3697.2
AM-0269,46.97,4.08,20.39,7.85,5.94,2.49,44.09,15.38,114.44,105.7,30.95,5.91,6.72,2.34,-1.2,5.28,-30.3,8.18,1.52,-2.67,24.56,-8.1,96.78,SULFAMAG,2.6,0.0,0.0,22.0,0.0,18.0,22.0,0.0,0.0,0.0,0.0,0.0,"{""N"": 0.0, ""P2O5"": 0.0, ""K2O"": 22.0, ""Ca"": 0.0, ""Mg"": 18.0, ""S"": 22.0, ""B"": 0.0, ""Cu"": 0.0, ""Fe"": 0.0, ""Mn"": 0.0, ""Zn"": 0.0}",65.07,3904.2
AM-0270,39.94,4.56,20.26,7.12,5.27,3.82,38.24,10.65,128.15,93.13,41.85,-15.18,18.24,1.56,-7.04,-2.76,9.6,-3.52,-17.4,3.91,14.5,13.7,107.41,NENHUM,0.0,0.0,0.0,0.0,0.0,0.0,0.0,0.0,0.0,0.0,0.0,0.0,"{""N"": 0.0, ""P2O5"": 0.0, ""K2O"": 0.0, ""Ca"": 0.0, ""Mg"": 0.0, ""S"": 0.0, ""B"": 0.0, ""Cu"": 0.0, ""Fe"": 0.0, ""Mn"": 0.0, ""Zn"": 0.0}",44.53,2671.8
AM-0271,50.08,3.91,22.48,8.86,3.98,4.2,40.31,16.73,86.4,82.58,41.62,15.24,2.64,14.88,6.88,-18.24,21.0,0.62,6.92,-16.13,6.06,13.24,121.85,SULFAMAG,2.0,0.0,0.0,22.0,0.0,18.0,22.0,0.0,0.0,0.0,0.0,0.0,"{""N"": 0.0, ""P2O5"": 0.0, ""K2O"": 22.0, ""Ca"": 0.0, ""Mg"": 18.0, ""S"": 22.0, ""B"": 0.0, ""Cu"": 0.0, ""Fe"": 0.0, ""Mn"": 0.0, ""Zn"": 0.0}",56.57,3394.2
AM-0272,45.58,3.49,20.28,10.38,6.2,3.04,39.33,12.59,110.31,68.8,32.13,1.74,-7.44,1.68,19.04,8.4,-13.8,-1.34,-9.64,-4.65,-4.96,-5.74,78.43,SULFAMAG,1.6,0.0,0.0,22.0,0.0,18.0,22.0,0.0,0.0,0.0,0.0,0.0,"{""N"": 0.0, ""P2O5"": 0.0, ""K2O"": 22.0, ""Ca"": 0.0, ""Mg"": 18.0, ""S"": 22.0, ""B"": 0.0, ""Cu"": 0.0, ""Fe"": 0.0, ""Mn"": 0.0, ""Zn"": 0.0}",58.11,3486.6
AM-0273,46.14,2.55,15.25,7.49,5.3,3.58,35.63,15.03,123.16,63.98,41.08,3.42,-30.0,-28.5,-4.08,-2.4,2.4,-8.74,0.12,1.52,-8.82,12.16,102.16,MAP PURIFICADO,2.9,12.0,61.0,0.0,0.0,0.0,0.0,0.0,0.0,0.0,0.0,0.0,"{""N"": 12.0, ""P2O5"": 61.0, ""K2O"": 0.0, ""Ca"": 0.0, ""Mg"": 0.0, ""S"": 0.0, ""B"": 0.0, ""Cu"": 0.0, ""Fe"": 0.0, ""Mn"": 0.0, ""Zn"": 0.0}",65.25,3915.0
AM-0274,45.7,3.13,19.18,8.2,5.05,3.41,39.45,14.76,121.31,59.09,30.7,2.1,-16.08,-4.92,1.6,-5.4,-2.7,-1.1,-0.96,0.63,-12.73,-8.6,56.82,MAP PURIFICADO,4.0,12.0,61.0,0.0,0.0,0.0,0.0,0.0,0.0,0.0,0.0,0.0,"{""N"": 12.0, ""P2O5"": 61.0, ""K2O"": 0.0, ""Ca"": 0.0, ""Mg"": 0.0, ""S"": 0.0, ""B"": 0.0, ""Cu"": 0.0, ""Fe"": 0.0, ""Mn"": 0.0, ""Zn"": 0.0}",67.01,4020.6
AM-0275,46.28,3.87,19.33,6.48,4.71,3.54,33.32,20.31,53.98,70.15,35.66,3.84,1.68,-4.02,-12.16,-9.48,1.2,-13.36,21.24,-31.69,-3.88,1.32,103.87,NENHUM,0.0,0.0,0.0,0.0,0.0,0.0,0.0,0.0,0.0,0.0,0.0,0.0,"{""N"": 0.0, ""P2O5"": 0.0, ""K2O"": 0.0, ""Ca"": 0.0, ""Mg"": 0.0, ""S"": 0.0, ""B"": 0.0, ""Cu"": 0.0, ""Fe"": 0.0, ""Mn"": 0.0, ""Zn"": 0.0}",48.18,2890.8
AM-0276,41.34,4.37,17.21,7.15,6.12,3.92,31.58,22.94,97.56,55.32,38.02,-10.98,13.68,-16.74,-6.8,7.44,12.6,-16.84,31.76,-10.77,-15.74,6.04,149.39,BORO 15,3.6,0.0,0.0,0.0,0.0,0.0,0.0,15.0,0.0,0.0,0.0,0.0,"{""N"": 0.0, ""P2O5"": 0.0, ""K2O"": 0.0, ""Ca"": 0.0, ""Mg"": 0.0, ""S"": 0.0, ""B"": 15.0, ""Cu"": 0.0, ""Fe"": 0.0, ""Mn"": 0.0, ""Zn"": 0.0}",43.61,2616.6
AM-0277,42.99,3.11,20.65,7.91,6.0,3.29,47.32,12.37,162.8,48.79,37.61,-6.03,-16.56,3.9,-0.72,6.0,-6.3,14.64,-10.52,20.54,-20.97,5.22,111.4,SULFATO DE Mn 31%,3.7,0.0,0.0,0.0,0.0,0.0,18.0,0.0,0.0,0.0,31.0,0.0,"{""N"": 0.0, ""P2O5"": 0.0, ""K2O"": 0.0, ""Ca"": 0.0, ""Mg"": 0.0, ""S"": 18.0, ""B"": 0.0, ""Cu"": 0.0, ""Fe"": 0.0, ""Mn"": 31.0, ""Zn"": 0.0}",58.92,3535.2
AM-0278,45.64,3.62,19.5,6.4,3.29,3.94,40.94,15.02,129.96,62.57,28.99,1.92,-4.32,-3.0,-12.8,-26.52,13.2,1.88,0.08,4.78,-9.94,-12.02,90.46,SULFAMAG,1.9,0.0,0.0,22.0,0.0,18.0,22.0,0.0,0.0,0.0,0.0,0.0,"{""N"": 0.0, ""P2O5"": 0.0, ""K2O"": 22.0, ""Ca"": 0.0, ""Mg"": 18.0, ""S"": 22.0, ""B"": 0.0, ""Cu"": 0.0, ""Fe"": 0.0, ""Mn"": 0.0, ""Zn"": 0.0}",64.16,3849.6
AM-0279,42.67,3.21,19.6,11.1,3.67,3.08,48.98,20.57,117.41,56.41,47.58,-6.99,-14.16,-2.4,24.8,-21.96,-12.6,17.96,22.28,-1.24,-14.87,25.16,164.42,SULFAMAG,2.0,0.0,0.0,22.0,0.0,18.0,22.0,0.0,0.0,0.0,0.0,0.0,"{""N"": 0.0, ""P2O5"": 0.0, ""K2O"": 22.0, ""Ca"": 0.0, ""Mg"": 18.0, ""S"": 22.0, ""B"": 0.0, ""Cu"": 0.0, ""Fe"": 0.0, ""Mn"": 0.0, ""Zn"": 0.0}",45.81,2748.6
AM-0280,49.82,3.49,16.76,8.65,6.11,4.21,43.94,17.48,113.45,111.62,32.61,14.46,-7.44,-19.44,5.2,7.32,21.3,7.88,9.92,-3.14,29.3,-4.78,130.18,K-FOL,2.5,0.0,10.0,40.0,0.0,0.0,2.0,0.0,0.0,0.0,0.0,0.0,"{""N"": 0.0, ""P2O5"": 10.0, ""K2O"": 40.0, ""Ca"": 0.0, ""Mg"": 0.0, ""S"": 2.0, ""B"": 0.0, ""Cu"": 0.0, ""Fe"": 0.0, ""Mn"": 0.0, ""Zn"": 0.0}",48.95,2937.0
AM-0281,46.39,5.06,16.32,7.95,6.14,3.55,39.32,11.1,125.82,63.65,21.86,4.17,30.24,-22.08,-0.4,7.68,1.5,-1.36,-15.6,2.79,-9.08,-26.28,121.18,SULFATO DE ZINCO,2.8,0.0,0.0,0.0,0.0,0.0,10.0,0.0,0.0,0.0,0.0,20.0,"{""N"": 0.0, ""P2O5"": 0.0, ""K2O"": 0.0, ""Ca"": 0.0, ""Mg"": 0.0, ""S"": 10.0, ""B"": 0.0, ""Cu"": 0.0, ""Fe"": 0.0, ""Mn"": 0.0, ""Zn"": 20.0}",60.19,3611.4
AM-0282,44.85,3.82,21.87,8.28,6.75,3.66,49.35,13.68,123.61,87.4,31.57,-0.45,0.48,11.22,2.24,15.0,4.8,18.7,-5.28,1.73,9.92,-6.86,76.68,SULFATO DE ZINCO,2.0,0.0,0.0,0.0,0.0,0.0,10.0,0.0,0.0,0.0,0.0,20.0,"{""N"": 0.0, ""P2O5"": 0.0, ""K2O"": 0.0, ""Ca"": 0.0, ""Mg"": 0.0, ""S"": 10.0, ""B"": 0.0, ""Cu"": 0.0, ""Fe"": 0.0, ""Mn"": 0.0, ""Zn"": 20.0}",56.26,3375.6
AM-0283,41.74,3.27,24.25,10.0,7.42,3.01,40.43,11.12,102.61,61.23,42.44,-9.78,-12.72,25.5,16.0,23.04,-14.7,0.86,-15.52,-8.35,-11.02,14.88,152.37,NENHUM,0.0,0.0,0.0,0.0,0.0,0.0,0.0,0.0,0.0,0.0,0.0,0.0,"{""N"": 0.0, ""P2O5"": 0.0, ""K2O"": 0.0, ""Ca"": 0.0, ""Mg"": 0.0, ""S"": 0.0, ""B"": 0.0, ""Cu"": 0.0, ""Fe"": 0.0, ""Mn"": 0.0, ""Zn"": 0.0}",38.0,2280.0
AM-0284,49.27,4.1,24.61,5.78,6.76,3.96,34.16,18.02,128.4,71.59,30.06,12.81,7.2,27.66,-17.76,15.12,13.8,-11.68,12.08,4.03,-2.73,-9.88,134.75,NENHUM,0.0,0.0,0.0,0.0,0.0,0.0,0.0,0.0,0.0,0.0,0.0,0.0,"{""N"": 0.0, ""P2O5"": 0.0, ""K2O"": 0.0, ""Ca"": 0.0, ""Mg"": 0.0, ""S"": 0.0, ""B"": 0.0, ""Cu"": 0.0, ""Fe"": 0.0, ""Mn"": 0.0, ""Zn"": 0.0}",38.0,2280.0
AM-0285,53.2,3.8,21.56,6.81,4.72,3.93,31.9,13.75,120.85,76.67,33.93,24.6,0.0,9.36,-9.52,-9.36,12.9,-16.2,-5.0,0.41,1.34,-2.14,90.83,BORO 15,3.5,0.0,0.0,0.0,0.0,0.0,0.0,15.0,0.0,0.0,0.0,0.0,"{""N"": 0.0, ""P2O5"": 0.0, ""K2O"": 0.0, ""Ca"": 0.0, ""Mg"": 0.0, ""S"": 0.0, ""B"": 15.0, ""Cu"": 0.0, ""Fe"": 0.0, ""Mn"": 0.0, ""Zn"": 0.0}",61.4,3684.0
AM-0286,48.04,4.33,19.81,8.63,5.88,3.17,43.19,19.87,120.56,53.09,30.88,9.12,12.72,-1.14,5.04,4.56,-9.9,6.38,19.48,0.27,-17.53,-8.24,94.38,SULFATO DE Mn 31%,3.1,0.0,0.0,0.0,0.0,0.0,18.0,0.0,0.0,0.0,31.0,0.0,"{""N"": 0.0, ""P2O5"": 0.0, ""K2O"": 0.0, ""Ca"": 0.0, ""Mg"": 0.0, ""S"": 18.0, ""B"": 0.0, ""Cu"": 0.0, ""Fe"": 0.0, ""Mn"": 31.0, ""Zn"": 0.0}",55.46,3327.6
AM-0287,41.66,4.18,16.91,7.05,6.1,3.25,38.58,17.23,130.54,79.0,32.97,-10.02,9.12,-18.54,-7.6,7.2,-7.5,-2.84,8.92,5.06,3.2,-4.06,84.06,K-FOL,3.9,0.0,10.0,40.0,0.0,0.0,2.0,0.0,0.0,0.0,0.0,0.0,"{""N"": 0.0, ""P2O5"": 10.0, ""K2O"": 40.0, ""Ca"": 0.0, ""Mg"": 0.0, ""S"": 2.0, ""B"": 0.0, ""Cu"": 0.0, ""Fe"": 0.0, ""Mn"": 0.0, ""Zn"": 0.0}",64.99,3899.4
AM-0288,38.97,3.22,19.95,6.91,5.21,3.32,45.94,13.24,110.57,85.76,31.61,-18.09,-13.92,-0.3,-8.72,-3.48,-5.4,11.88,-7.04,-4.53,8.61,-6.78,88.75,QUIMIFOL 30 N,3.2,30.0,0.0,0.0,0.0,0.0,0.0,0.0,0.0,0.0,0.0,0.0,"{""N"": 30.0, ""P2O5"": 0.0, ""K2O"": 0.0, ""Ca"": 0.0, ""Mg"": 0.0, ""S"": 0.0, ""B"": 0.0, ""Cu"": 0.0, ""Fe"": 0.0, ""Mn"": 0.0, ""Zn"": 0.0}",62.95,3777.0
AM-0289,45.6,3.98,20.01,4.87,5.66,4.39,37.84,12.82,129.33,79.69,42.16,1.8,4.32,0.06,-25.04,1.92,26.7,-4.32,-8.72,4.48,3.75,14.32,95.43,NENHUM,0.0,0.0,0.0,0.0,0.0,0.0,0.0,0.0,0.0,0.0,0.0,0.0,"{""N"": 0.0, ""P2O5"": 0.0, ""K2O"": 0.0, ""Ca"": 0.0, ""Mg"": 0.0, ""S"": 0.0, ""B"": 0.0, ""Cu"": 0.0, ""Fe"": 0.0, ""Mn"": 0.0, ""Zn"": 0.0}",46.13,2767.8
AM-0290,47.93,4.1,19.72,8.51,6.53,3.85,33.14,17.46,118.38,76.09,35.44,8.79,7.2,-1.68,4.08,12.36,10.5,-13.72,9.84,-0.78,0.87,0.88,70.7,BORO 15,2.7,0.0,0.0,0.0,0.0,0.0,0.0,15.0,0.0,0.0,0.0,0.0,"{""N"": 0.0, ""P2O5"": 0.0, ""K2O"": 0.0, ""Ca"": 0.0, ""Mg"": 0.0, ""S"": 0.0, ""B"": 15.0, ""Cu"": 0.0, ""Fe"": 0.0, ""Mn"": 0.0, ""Zn"": 0.0}",63.67,3820.2
AM-0291,43.6,4.32,20.68,7.5,4.16,3.58,40.55,20.42,98.5,109.42,37.27,-4.2,12.48,4.08,-4.0,-16.08,2.4,1.1,21.68,-10.32,27.54,4.54,108.42,SULFAMAG,3.3,0.0,0.0,22.0,0.0,18.0,22.0,0.0,0.0,0.0,0.0,0.0,"{""N"": 0.0, ""P2O5"": 0.0, ""K2O"": 22.0, ""Ca"": 0.0, ""Mg"": 18.0, ""S"": 22.0, ""B"": 0.0, ""Cu"": 0.0, ""Fe"": 0.0, ""Mn"": 0.0, ""Zn"": 0.0}",56.21,3372.6
AM-0292,49.87,4.33,21.74,7.53,4.93,3.63,45.6,14.33,146.63,96.79,29.5,14.61,12.72,10.44,-3.76,-6.84,3.9,11.2,-2.68,12.78,17.43,-11.0,107.36,SULFATO DE ZINCO,3.9,0.0,0.0,0.0,0.0,0.0,10.0,0.0,0.0,0.0,0.0,20.0,"{""N"": 0.0, ""P2O5"": 0.0, ""K2O"": 0.0, ""Ca"": 0.0, ""Mg"": 0.0, ""S"": 10.0, ""B"": 0.0, ""Cu"": 0.0, ""Fe"": 0.0, ""Mn"": 0.0, ""Zn"": 20.0}",50.73,3043.8
AM-0293,48.99,3.44,17.95,7.55,5.52,3.39,39.63,15.66,85.79,56.2,18.67,11.97,-8.64,-12.3,-3.6,0.24,-3.3,-0.74,2.64,-16.42,-15.04,-32.66,107.55,SULFATO DE ZINCO,3.7,0.0,0.0,0.0,0.0,0.0,10.0,0.0,0.0,0.0,0.0,20.0,"{""N"": 0.0, ""P2O5"": 0.0, ""K2O"": 0.0, ""Ca"": 0.0, ""Mg"": 0.0, ""S"": 10.0, ""B"": 0.0, ""Cu"": 0.0, ""Fe"": 0.0, ""Mn"": 0.0, ""Zn"": 20.0}",68.38,4102.8
AM-0294,57.97,4.95,19.64,7.84,6.5,4.18,30.17,9.64,104.45,83.74,37.98,38.91,27.6,-2.16,-1.28,12.0,20.4,-19.66,-21.44,-7.46,6.99,5.96,163.86,NENHUM,0.0,0.0,0.0,0.0,0.0,0.0,0.0,0.0,0.0,0.0,0.0,0.0,"{""N"": 0.0, ""P2O5"": 0.0, ""K2O"": 0.0, ""Ca"": 0.0, ""Mg"": 0.0, ""S"": 0.0, ""B"": 0.0, ""Cu"": 0.0, ""Fe"": 0.0, ""Mn"": 0.0, ""Zn"": 0.0}",38.0,2280.0
AM-0295,40.2,2.64,21.72,6.76,3.48,3.56,44.76,14.63,108.55,72.61,32.78,-14.4,-27.84,10.32,-9.92,-24.24,1.8,9.52,-1.48,-5.5,-1.91,-4.44,111.37,MAP PURIFICADO,2.0,12.0,61.0,0.0,0.0,0.0,0.0,0.0,0.0,0.0,0.0,0.0,"{""N"": 12.0, ""P2O5"": 61.0, ""K2O"": 0.0, ""Ca"": 0.0, ""Mg"": 0.0, ""S"": 0.0, ""B"": 0.0, ""Cu"": 0.0, ""Fe"": 0.0, ""Mn"": 0.0, ""Zn"": 0.0}",56.48,3388.8
AM-0296,46.92,4.14,20.3,7.57,5.38,3.8,40.2,11.87,89.16,52.66,43.73,5.76,8.16,1.8,-3.44,-1.44,9.0,0.4,-12.52,-14.8,-17.87,17.46,92.65,SULFATO DE Mn 31%,1.8,0.0,0.0,0.0,0.0,0.0,18.0,0.0,0.0,0.0,31.0,0.0,"{""N"": 0.0, ""P2O5"": 0.0, ""K2O"": 0.0, ""Ca"": 0.0, ""Mg"": 0.0, ""S"": 18.0, ""B"": 0.0, ""Cu"": 0.0, ""Fe"": 0.0, ""Mn"": 31.0, ""Zn"": 0.0}",61.57,3694.2
AM-0297,50.01,3.58,18.62,5.05,5.6,4.32,41.66,14.93,128.05,74.83,30.12,15.03,-5.28,-8.28,-23.6,1.2,24.6,3.32,-0.28,3.86,-0.14,-9.76,95.35,NENHUM,0.0,0.0,0.0,0.0,0.0,0.0,0.0,0.0,0.0,0.0,0.0,0.0,"{""N"": 0.0, ""P2O5"": 0.0, ""K2O"": 0.0, ""Ca"": 0.0, ""Mg"": 0.0, ""S"": 0.0, ""B"": 0.0, ""Cu"": 0.0, ""Fe"": 0.0, ""Mn"": 0.0, ""Zn"": 0.0}",51.36,3081.6
AM-0298,45.9,3.81,18.05,9.96,6.16,3.28,46.01,13.51,100.45,63.6,24.37,2.7,0.24,-11.7,15.68,7.92,-6.6,12.02,-5.96,-9.38,-9.12,-21.26,102.58,SULFATO DE ZINCO,2.5,0.0,0.0,0.0,0.0,0.0,10.0,0.0,0.0,0.0,0.0,20.0,"{""N"": 0.0, ""P2O5"": 0.0, ""K2O"": 0.0, ""Ca"": 0.0, ""Mg"": 0.0, ""S"": 10.0, ""B"": 0.0, ""Cu"": 0.0, ""Fe"": 0.0, ""Mn"": 0.0, ""Zn"": 20.0}",60.42,3625.2
AM-0299,48.68,3.65,19.97,9.37,4.78,3.38,33.66,11.82,96.99,67.61,32.69,11.04,-3.6,-0.18,10.96,-8.64,-3.6,-12.68,-12.72,-11.04,-5.91,-4.62,84.99,NENHUM,0.0,0.0,0.0,0.0,0.0,0.0,0.0,0.0,0.0,0.0,0.0,0.0,"{""N"": 0.0, ""P2O5"": 0.0, ""K2O"": 0.0, ""Ca"": 0.0, ""Mg"": 0.0, ""S"": 0.0, ""B"": 0.0, ""Cu"": 0.0, ""Fe"": 0.0, ""Mn"": 0.0, ""Zn"": 0.0}",52.92,3175.2
AM-0300,41.44,3.96,20.97,7.3,4.7,3.53,38.78,15.66,159.25,76.03,31.16,-10.68,3.84,5.82,-5.6,-9.6,0.9,-2.44,2.64,18.84,0.82,-7.68,68.86,QUIMIFOL 30 N,2.2,30.0,0.0,0.0,0.0,0.0,0.0,0.0,0.0,0.0,0.0,0.0,"{""N"": 30.0, ""P2O5"": 0.0, ""K2O"": 0.0, ""Ca"": 0.0, ""Mg"": 0.0, ""S"": 0.0, ""B"": 0.0, ""Cu"": 0.0, ""Fe"": 0.0, ""Mn"": 0.0, ""Zn"": 0.0}",60.36,3621.6
AM-0301,39.45,3.0,17.57,8.24,4.61,3.71,40.21,9.09,136.37,87.16,29.04,-16.65,-19.2,-14.58,1.92,-10.68,6.3,0.42,-23.64,7.86,9.73,-11.92,122.9,NENHUM,0.0,0.0,0.0,0.0,0.0,0.0,0.0,0.0,0.0,0.0,0.0,0.0,"{""N"": 0.0, ""P2O5"": 0.0, ""K2O"": 0.0, ""Ca"": 0.0, ""Mg"": 0.0, ""S"": 0.0, ""B"": 0.0, ""Cu"": 0.0, ""Fe"": 0.0, ""Mn"": 0.0, ""Zn"": 0.0}",42.64,2558.4
AM-0302,41.57,3.85,17.47,5.31,5.12,3.45,37.61,11.45,110.0,79.04,34.73,-10.29,1.2,-15.18,-21.52,-4.56,-1.5,-4.78,-14.2,-4.8,3.23,-0.54,81.8,NENHUM,0.0,0.0,0.0,0.0,0.0,0.0,0.0,0.0,0.0,0.0,0.0,0.0,"{""N"": 0.0, ""P2O5"": 0.0, ""K2O"": 0.0, ""Ca"": 0.0, ""Mg"": 0.0, ""S"": 0.0, ""B"": 0.0, ""Cu"": 0.0, ""Fe"": 0.0, ""Mn"": 0.0, ""Zn"": 0.0}",53.55,3213.0
AM-0303,42.32,4.39,17.65,8.73,6.68,3.69,38.78,13.42,145.9,53.66,29.18,-8.04,14.16,-14.1,5.84,14.16,5.7,-2.44,-6.32,12.43,-17.07,-11.64,111.9,SULFATO DE Mn 31%,3.0,0.0,0.0,0.0,0.0,0.0,18.0,0.0,0.0,0.0,31.0,0.0,"{""N"": 0.0, ""P2O5"": 0.0, ""K2O"": 0.0, ""Ca"": 0.0, ""Mg"": 0.0, ""S"": 18.0, ""B"": 0.0, ""Cu"": 0.0, ""Fe"": 0.0, ""Mn"": 31.0, ""Zn"": 0.0}",53.66,3219.6
AM-0304,43.23,4.39,19.44,7.49,4.72,3.09,47.1,20.02,95.37,96.07,32.08,-5.31,14.16,-3.36,-4.08,-9.36,-12.3,14.2,20.08,-11.82,16.86,-5.84,117.37,SULFAMAG,2.7,0.0,0.0,22.0,0.0,18.0,22.0,0.0,0.0,0.0,0.0,0.0,"{""N"": 0.0, ""P2O5"": 0.0, ""K2O"": 22.0, ""Ca"": 0.0, ""Mg"": 18.0, ""S"": 22.0, ""B"": 0.0, ""Cu"": 0.0, ""Fe"": 0.0, ""Mn"": 0.0, ""Zn"": 0.0}",51.5,3090.0
AM-0305,42.9,4.05,22.59,6.34,5.13,3.44,31.63,16.77,101.9,72.07,32.29,-6.3,6.0,15.54,-13.28,-4.44,-1.8,-16.74,7.08,-8.69,-2.34,-5.42,87.63,BORO 15,1.7,0.0,0.0,0.0,0.0,0.0,0.0,15.0,0.0,0.0,0.0,0.0,"{""N"": 0.0, ""P2O5"": 0.0, ""K2O"": 0.0, ""Ca"": 0.0, ""Mg"": 0.0, ""S"": 0.0, ""B"": 15.0, ""Cu"": 0.0, ""Fe"": 0.0, ""Mn"": 0.0, ""Zn"": 0.0}",58.3,3498.0
AM-0306,40.75,3.78,20.95,7.68,6.16,3.18,46.02,15.37,158.63,111.21,32.18,-12.75,-0.48,5.7,-2.56,7.92,-9.6,12.04,1.48,18.54,28.97,-5.64,105.68,QUIMIFOL 30 N,3.8,30.0,0.0,0.0,0.0,0.0,0.0,0.0,0.0,0.0,0.0,0.0,"{""N"": 30.0, ""P2O5"": 0.0, ""K2O"": 0.0, ""Ca"": 0.0, ""Mg"": 0.0, ""S"": 0.0, ""B"": 0.0, ""Cu"": 0.0, ""Fe"": 0.0, ""Mn"": 0.0, ""Zn"": 0.0}",53.25,3195.0
AM-0307,40.61,3.06,18.52,9.79,6.45,3.6,30.8,14.41,127.54,77.63,23.94,-13.17,-17.76,-8.88,14.32,11.4,3.0,-18.4,-2.36,3.62,2.1,-22.12,117.13,SULFATO DE ZINCO,3.9,0.0,0.0,0.0,0.0,0.0,10.0,0.0,0.0,0.0,0.0,20.0,"{""N"": 0.0, ""P2O5"": 0.0, ""K2O"": 0.0, ""Ca"": 0.0, ""Mg"": 0.0, ""S"": 10.0, ""B"": 0.0, ""Cu"": 0.0, ""Fe"": 0.0, ""Mn"": 0.0, ""Zn"": 20.0}",54.81,3288.6
AM-0308,42.7,2.35,21.4,7.62,7.01,3.66,36.75,18.2,148.78,71.71,42.16,-6.9,-34.8,8.4,-3.04,18.12,4.8,-6.5,12.8,13.81,-2.63,14.32,126.12,MAP PURIFICADO,3.9,12.0,61.0,0.0,0.0,0.0,0.0,0.0,0.0,0.0,0.0,0.0,"{""N"": 12.0, ""P2O5"": 61.0, ""K2O"": 0.0, ""Ca"": 0.0, ""Mg"": 0.0, ""S"": 0.0, ""B"": 0.0, ""Cu"": 0.0, ""Fe"": 0.0, ""Mn"": 0.0, ""Zn"": 0.0}",61.07,3664.2
AM-0309,50.57,4.16,20.86,8.57,4.94,3.45,50.01,12.17,160.37,70.17,42.95,16.71,8.64,5.16,4.56,-6.72,-1.5,20.02,-11.32,19.38,-3.86,15.9,113.77,NENHUM,0.0,0.0,0.0,0.0,0.0,0.0,0.0,0.0,0.0,0.0,0.0,0.0,"{""N"": 0.0, ""P2O5"": 0.0, ""K2O"": 0.0, ""Ca"": 0.0, ""Mg"": 0.0, ""S"": 0.0, ""B"": 0.0, ""Cu"": 0.0, ""Fe"": 0.0, ""Mn"": 0.0, ""Zn"": 0.0}",40.63,2437.8
AM-0310,47.34,3.43,17.17,8.33,6.51,3.16,31.01,14.72,117.81,83.22,40.7,7.02,-8.88,-16.98,2.64,12.12,-10.2,-17.98,-1.12,-1.05,6.58,11.4,95.97,BORO 15,2.8,0.0,0.0,0.0,0.0,0.0,0.0,15.0,0.0,0.0,0.0,0.0,"{""N"": 0.0, ""P2O5"": 0.0, ""K2O"": 0.0, ""Ca"": 0.0, ""Mg"": 0.0, ""S"": 0.0, ""B"": 15.0, ""Cu"": 0.0, ""Fe"": 0.0, ""Mn"": 0.0, ""Zn"": 0.0}",59.34,3560.4
AM-0311,40.94,4.22,17.93,7.78,6.25,3.03,41.09,18.64,131.85,64.19,44.11,-12.18,10.08,-12.42,-1.76,9.0,-14.1,2.18,14.56,5.69,-8.65,18.22,108.84,SULFAMAG,3.4,0.0,0.0,22.0,0.0,18.0,22.0,0.0,0.0,0.0,0.0,0.0,"{""N"": 0.0, ""P2O5"": 0.0, ""K2O"": 22.0, ""Ca"": 0.0, ""Mg"": 18.0, ""S"": 22.0, ""B"": 0.0, ""Cu"": 0.0, ""Fe"": 0.0, ""Mn"": 0.0, ""Zn"": 0.0}",55.67,3340.2
AM-0312,45.24,3.99,22.5,6.0,5.15,3.19,42.27,18.69,105.08,39.15,32.53,0.72,4.56,15.0,-16.0,-4.2,-9.3,4.54,14.76,-7.16,-28.68,-4.94,109.86,SULFATO DE Mn 31%,3.7,0.0,0.0,0.0,0.0,0.0,18.0,0.0,0.0,0.0,31.0,0.0,"{""N"": 0.0, ""P2O5"": 0.0, ""K2O"": 0.0, ""Ca"": 0.0, ""Mg"": 0.0, ""S"": 18.0, ""B"": 0.0, ""Cu"": 0.0, ""Fe"": 0.0, ""Mn"": 31.0, ""Zn"": 0.0}",65.2,3912.0
AM-0313,45.39,3.73,19.34,8.54,4.29,3.4,41.89,20.51,90.81,82.81,38.78,1.17,-1.68,-3.96,4.32,-14.52,-3.0,3.78,22.04,-14.01,6.25,7.56,82.29,SULFAMAG,3.6,0.0,0.0,22.0,0.0,18.0,22.0,0.0,0.0,0.0,0.0,0.0,"{""N"": 0.0, ""P2O5"": 0.0, ""K2O"": 22.0, ""Ca"": 0.0, ""Mg"": 18.0, ""S"": 22.0, ""B"": 0.0, ""Cu"": 0.0, ""Fe"": 0.0, ""Mn"": 0.0, ""Zn"": 0.0}",57.15,3429.0
AM-0314,42.07,4.75,20.1,9.15,4.89,3.65,41.87,9.33,170.38,94.36,32.62,-8.79,22.8,0.6,9.2,-7.32,4.5,3.74,-22.68,24.18,15.49,-4.76,124.06,NENHUM,0.0,0.0,0.0,0.0,0.0,0.0,0.0,0.0,0.0,0.0,0.0,0.0,"{""N"": 0.0, ""P2O5"": 0.0, ""K2O"": 0.0, ""Ca"": 0.0, ""Mg"": 0.0, ""S"": 0.0, ""B"": 0.0, ""Cu"": 0.0, ""Fe"": 0.0, ""Mn"": 0.0, ""Zn"": 0.0}",38.51,2310.6
AM-0315,46.39,3.84,20.71,8.29,6.01,4.08,43.41,11.85,154.06,99.61,53.91,4.17,0.96,4.26,2.32,6.12,17.4,6.82,-12.6,16.35,19.69,37.82,128.51,NENHUM,0.0,0.0,0.0,0.0,0.0,0.0,0.0,0.0,0.0,0.0,0.0,0.0,"{""N"": 0.0, ""P2O5"": 0.0, ""K2O"": 0.0, ""Ca"": 0.0, ""Mg"": 0.0, ""S"": 0.0, ""B"": 0.0, ""Cu"": 0.0, ""Fe"": 0.0, ""Mn"": 0.0, ""Zn"": 0.0}",38.0,2280.0
AM-0316,45.97,2.76,21.11,7.18,7.42,3.19,29.86,13.59,70.61,86.27,22.61,2.91,-24.96,6.66,-6.56,23.04,-9.3,-20.28,-5.64,-23.71,9.02,-24.78,156.86,MAP PURIFICADO,3.3,12.0,61.0,0.0,0.0,0.0,0.0,0.0,0.0,0.0,0.0,0.0,"{""N"": 12.0, ""P2O5"": 61.0, ""K2O"": 0.0, ""Ca"": 0.0, ""Mg"": 0.0, ""S"": 0.0, ""B"": 0.0, ""Cu"": 0.0, ""Fe"": 0.0, ""Mn"": 0.0, ""Zn"": 0.0}",47.09,2825.4
AM-0317,44.88,3.53,21.19,7.65,5.53,3.39,39.36,20.11,179.77,80.66,34.4,-0.36,-6.48,7.14,-2.8,0.36,-3.3,-1.28,20.44,28.69,4.53,-1.2,76.58,MAP PURIFICADO,2.6,12.0,61.0,0.0,0.0,0.0,0.0,0.0,0.0,0.0,0.0,0.0,"{""N"": 12.0, ""P2O5"": 61.0, ""K2O"": 0.0, ""Ca"": 0.0, ""Mg"": 0.0, ""S"": 0.0, ""B"": 0.0, ""Cu"": 0.0, ""Fe"": 0.0, ""Mn"": 0.0, ""Zn"": 0.0}",54.24,3254.4
AM-0318,43.05,4.12,20.05,5.89,4.52,3.58,39.53,13.26,107.98,85.44,31.89,-5.85,7.68,0.3,-16.88,-11.76,2.4,-0.94,-6.96,-5.77,8.35,-6.22,73.11,NENHUM,0.0,0.0,0.0,0.0,0.0,0.0,0.0,0.0,0.0,0.0,0.0,0.0,"{""N"": 0.0, ""P2O5"": 0.0, ""K2O"": 0.0, ""Ca"": 0.0, ""Mg"": 0.0, ""S"": 0.0, ""B"": 0.0, ""Cu"": 0.0, ""Fe"": 0.0, ""Mn"": 0.0, ""Zn"": 0.0}",55.31,3318.6
AM-0319,53.68,3.09,16.3,9.18,4.82,3.37,35.31,14.22,159.96,87.03,40.17,26.04,-17.04,-22.2,9.44,-8.16,-3.9,-9.38,-3.12,19.18,9.62,10.34,138.42,K-FOL,2.6,0.0,10.0,40.0,0.0,0.0,2.0,0.0,0.0,0.0,0.0,0.0,"{""N"": 0.0, ""P2O5"": 10.0, ""K2O"": 40.0, ""Ca"": 0.0, ""Mg"": 0.0, ""S"": 2.0, ""B"": 0.0, ""Cu"": 0.0, ""Fe"": 0.0, ""Mn"": 0.0, ""Zn"": 0.0}",46.29,2777.4
AM-0320,51.48,3.74,18.07,6.27,6.37,3.49,45.56,21.61,100.74,56.55,36.16,19.44,-1.44,-11.58,-13.84,10.44,-0.3,11.12,26.44,-9.24,-14.76,2.32,120.92,SULFATO DE Mn 31%,2.8,0.0,0.0,0.0,0.0,0.0,18.0,0.0,0.0,0.0,31.0,0.0,"{""N"": 0.0, ""P2O5"": 0.0, ""K2O"": 0.0, ""Ca"": 0.0, ""Mg"": 0.0, ""S"": 18.0, ""B"": 0.0, ""Cu"": 0.0, ""Fe"": 0.0, ""Mn"": 31.0, ""Zn"": 0.0}",53.51,3210.6
AM-0321,44.58,4.0,18.52,8.27,5.96,3.58,33.88,15.62,156.55,81.73,40.77,-1.26,4.8,-8.88,2.16,5.52,2.4,-12.24,2.48,17.54,5.38,11.54,74.2,BORO 15,3.1,0.0,0.0,0.0,0.0,0.0,0.0,15.0,0.0,0.0,0.0,0.0,"{""N"": 0.0, ""P2O5"": 0.0, ""K2O"": 0.0, ""Ca"": 0.0, ""Mg"": 0.0, ""S"": 0.0, ""B"": 15.0, ""Cu"": 0.0, ""Fe"": 0.0, ""Mn"": 0.0, ""Zn"": 0.0}",61.85,3711.0
AM-0322,46.0,4.2,19.21,6.85,6.26,3.95,34.51,13.27,115.92,99.3,38.38,3.0,9.6,-4.74,-9.2,9.12,13.5,-10.98,-6.92,-1.96,19.44,6.76,95.22,BORO 15,1.6,0.0,0.0,0.0,0.0,0.0,0.0,15.0,0.0,0.0,0.0,0.0,"{""N"": 0.0, ""P2O5"": 0.0, ""K2O"": 0.0, ""Ca"": 0.0, ""Mg"": 0.0, ""S"": 0.0, ""B"": 15.0, ""Cu"": 0.0, ""Fe"": 0.0, ""Mn"": 0.0, ""Zn"": 0.0}",51.76,3105.6
AM-0323,43.55,2.8,19.22,7.54,6.13,3.22,50.07,9.27,152.78,71.64,40.16,-4.35,-24.0,-4.68,-3.68,7.56,-8.4,20.14,-22.92,15.73,-2.69,10.32,124.47,MAP PURIFICADO,2.5,12.0,61.0,0.0,0.0,0.0,0.0,0.0,0.0,0.0,0.0,0.0,"{""N"": 12.0, ""P2O5"": 61.0, ""K2O"": 0.0, ""Ca"": 0.0, ""Mg"": 0.0, ""S"": 0.0, ""B"": 0.0, ""Cu"": 0.0, ""Fe"": 0.0, ""Mn"": 0.0, ""Zn"": 0.0}",54.85,3291.0
AM-0324,44.28,3.88,20.33,8.63,6.06,3.43,34.53,11.34,145.44,86.55,38.9,-2.16,1.92,1.98,5.04,6.72,-2.1,-10.94,-14.64,12.21,9.24,7.8,74.75,NENHUM,0.0,0.0,0.0,0.0,0.0,0.0,0.0,0.0,0.0,0.0,0.0,0.0,"{""N"": 0.0, ""P2O5"": 0.0, ""K2O"": 0.0, ""Ca"": 0.0, ""Mg"": 0.0, ""S"": 0.0, ""B"": 0.0, ""Cu"": 0.0, ""Fe"": 0.0, ""Mn"": 0.0, ""Zn"": 0.0}",57.1,3426.0
AM-0325,44.35,3.49,18.04,6.37,6.71,3.3,46.33,14.44,103.09,58.58,31.47,-1.95,-7.44,-11.76,-13.04,14.52,-6.0,12.66,-2.24,-8.12,-13.14,-7.06,97.93,SULFATO DE Mn 31%,3.0,0.0,0.0,0.0,0.0,0.0,18.0,0.0,0.0,0.0,31.0,0.0,"{""N"": 0.0, ""P2O5"": 0.0, ""K2O"": 0.0, ""Ca"": 0.0, ""Mg"": 0.0, ""S"": 18.0, ""B"": 0.0, ""Cu"": 0.0, ""Fe"": 0.0, ""Mn"": 31.0, ""Zn"": 0.0}",59.81,3588.6
AM-0326,51.52,3.61,19.51,5.16,5.05,3.08,36.35,14.59,143.94,78.11,36.85,19.56,-4.56,-2.94,-22.72,-5.4,-12.6,-7.3,-1.64,11.49,2.49,3.7,94.4,NENHUM,0.0,0.0,0.0,0.0,0.0,0.0,0.0,0.0,0.0,0.0,0.0,0.0,"{""N"": 0.0, ""P2O5"": 0.0, ""K2O"": 0.0, ""Ca"": 0.0, ""Mg"": 0.0, ""S"": 0.0, ""B"": 0.0, ""Cu"": 0.0, ""Fe"": 0.0, ""Mn"": 0.0, ""Zn"": 0.0}",46.83,2809.8
AM-0327,41.48,4.7,18.53,10.48,5.26,3.5,46.42,18.82,117.23,69.18,34.66,-10.56,21.6,-8.82,19.84,-2.88,0.0,12.84,15.28,-1.33,-4.66,-0.68,98.49,QUIMIFOL 30 N,2.8,30.0,0.0,0.0,0.0,0.0,0.0,0.0,0.0,0.0,0.0,0.0,"{""N"": 30.0, ""P2O5"": 0.0, ""K2O"": 0.0, ""Ca"": 0.0, ""Mg"": 0.0, ""S"": 0.0, ""B"": 0.0, ""Cu"": 0.0, ""Fe"": 0.0, ""Mn"": 0.0, ""Zn"": 0.0}",55.35,3321.0
AM-0328,46.02,4.04,22.68,8.55,5.37,3.94,25.86,13.46,100.85,74.48,21.81,3.06,5.76,16.08,4.4,-1.56,13.2,-28.28,-6.16,-9.19,-0.42,-26.38,114.49,BORO 15,3.7,0.0,0.0,0.0,0.0,0.0,0.0,15.0,0.0,0.0,0.0,0.0,"{""N"": 0.0, ""P2O5"": 0.0, ""K2O"": 0.0, ""Ca"": 0.0, ""Mg"": 0.0, ""S"": 0.0, ""B"": 15.0, ""Cu"": 0.0, ""Fe"": 0.0, ""Mn"": 0.0, ""Zn"": 0.0}",64.68,3880.8
AM-0329,47.11,3.56,18.7,8.13,5.51,3.69,38.39,9.49,109.18,86.91,33.22,6.33,-5.76,-7.8,1.04,0.12,5.7,-3.22,-22.04,-5.19,9.53,-3.56,70.29,NENHUM,0.0,0.0,0.0,0.0,0.0,0.0,0.0,0.0,0.0,0.0,0.0,0.0,"{""N"": 0.0, ""P2O5"": 0.0, ""K2O"": 0.0, ""Ca"": 0.0, ""Mg"": 0.0, ""S"": 0.0, ""B"": 0.0, ""Cu"": 0.0, ""Fe"": 0.0, ""Mn"": 0.0, ""Zn"": 0.0}",55.7,3342.0
AM-0330,48.95,3.44,16.91,7.76,5.02,3.11,38.95,16.47,119.77,79.6,45.88,11.85,-8.64,-18.54,-1.92,-5.76,-11.7,-2.1,5.88,-0.11,3.68,21.76,91.94,K-FOL,4.0,0.0,10.0,40.0,0.0,0.0,2.0,0.0,0.0,0.0,0.0,0.0,"{""N"": 0.0, ""P2O5"": 10.0, ""K2O"": 40.0, ""Ca"": 0.0, ""Mg"": 0.0, ""S"": 2.0, ""B"": 0.0, ""Cu"": 0.0, ""Fe"": 0.0, ""Mn"": 0.0, ""Zn"": 0.0}",61.08,3664.8
AM-0331,41.11,4.29,19.8,6.34,4.19,4.27,39.04,17.81,77.3,114.57,40.36,-11.67,11.76,-1.2,-13.28,-15.72,23.1,-1.92,11.24,-20.5,31.66,10.72,152.77,NENHUM,0.0,0.0,0.0,0.0,0.0,0.0,0.0,0.0,0.0,0.0,0.0,0.0,"{""N"": 0.0, ""P2O5"": 0.0, ""K2O"": 0.0, ""Ca"": 0.0, ""Mg"": 0.0, ""S"": 0.0, ""B"": 0.0, ""Cu"": 0.0, ""Fe"": 0.0, ""Mn"": 0.0, ""Zn"": 0.0}",38.0,2280.0
AM-0332,43.78,4.17,21.35,8.27,5.51,3.72,29.55,13.89,78.83,84.07,30.95,-3.66,8.88,8.1,2.16,0.12,6.6,-20.9,-4.44,-19.76,7.26,-8.1,89.98,BORO 15,4.0,0.0,0.0,0.0,0.0,0.0,0.0,15.0,0.0,0.0,0.0,0.0,"{""N"": 0.0, ""P2O5"": 0.0, ""K2O"": 0.0, ""Ca"": 0.0, ""Mg"": 0.0, ""S"": 0.0, ""B"": 15.0, ""Cu"": 0.0, ""Fe"": 0.0, ""Mn"": 0.0, ""Zn"": 0.0}",60.04,3602.4
AM-0333,45.44,3.49,20.99,3.72,4.64,3.05,38.46,13.39,139.95,47.11,35.27,1.32,-7.44,5.94,-34.24,-10.32,-13.5,-3.08,-6.44,9.58,-22.31,0.54,114.71,NENHUM,0.0,0.0,0.0,0.0,0.0,0.0,0.0,0.0,0.0,0.0,0.0,0.0,"{""N"": 0.0, ""P2O5"": 0.0, ""K2O"": 0.0, ""Ca"": 0.0, ""Mg"": 0.0, ""S"": 0.0, ""B"": 0.0, ""Cu"": 0.0, ""Fe"": 0.0, ""Mn"": 0.0, ""Zn"": 0.0}",45.28,2716.8
AM-0334,52.43,3.56,20.65,5.29,3.11,3.84,39.97,18.54,85.66,82.8,46.21,22.29,-5.76,3.9,-21.68,-28.68,10.2,-0.06,14.16,-16.48,6.24,22.42,151.87,SULFAMAG,2.8,0.0,0.0,22.0,0.0,18.0,22.0,0.0,0.0,0.0,0.0,0.0,"{""N"": 0.0, ""P2O5"": 0.0, ""K2O"": 22.0, ""Ca"": 0.0, ""Mg"": 18.0, ""S"": 22.0, ""B"": 0.0, ""Cu"": 0.0, ""Fe"": 0.0, ""Mn"": 0.0, ""Zn"": 0.0}",51.05,3063.0
AM-0335,50.15,3.5,19.21,6.3,4.65,2.74,39.49,19.53,128.89,95.49,41.44,15.45,-7.2,-4.74,-13.6,-10.2,-22.8,-1.02,18.12,4.27,16.39,12.88,126.67,SULFAMAG,2.1,0.0,0.0,22.0,0.0,18.0,22.0,0.0,0.0,0.0,0.0,0.0,"{""N"": 0.0, ""P2O5"": 0.0, ""K2O"": 22.0, ""Ca"": 0.0, ""Mg"": 18.0, ""S"": 22.0, ""B"": 0.0, ""Cu"": 0.0, ""Fe"": 0.0, ""Mn"": 0.0, ""Zn"": 0.0}",51.58,3094.8
AM-0336,45.1,3.03,20.33,11.29,5.99,3.48,46.45,15.63,125.24,58.63,36.4,0.3,-18.48,1.98,26.32,5.88,-0.6,12.9,2.52,2.52,-13.1,2.8,87.4,MAP PURIFICADO,3.3,12.0,61.0,0.0,0.0,0.0,0.0,0.0,0.0,0.0,0.0,0.0,"{""N"": 12.0, ""P2O5"": 61.0, ""K2O"": 0.0, ""Ca"": 0.0, ""Mg"": 0.0, ""S"": 0.0, ""B"": 0.0, ""Cu"": 0.0, ""Fe"": 0.0, ""Mn"": 0.0, ""Zn"": 0.0}",65.18,3910.8
AM-0337,41.97,3.68,15.48,6.65,5.12,3.72,35.5,11.26,72.81,66.05,46.71,-9.09,-2.88,-27.12,-10.8,-4.56,6.6,-9.0,-14.96,-22.65,-7.16,23.42,138.24,K-FOL,2.2,0.0,10.0,40.0,0.0,0.0,2.0,0.0,0.0,0.0,0.0,0.0,"{""N"": 0.0, ""P2O5"": 10.0, ""K2O"": 40.0, ""Ca"": 0.0, ""Mg"": 0.0, ""S"": 2.0, ""B"": 0.0, ""Cu"": 0.0, ""Fe"": 0.0, ""Mn"": 0.0, ""Zn"": 0.0}",52.86,3171.6
AM-0338,44.47,3.54,17.28,6.38,3.48,3.46,36.41,12.1,118.3,80.46,47.56,-1.59,-6.24,-16.32,-12.96,-24.24,-1.2,-7.18,-11.6,-0.82,4.37,25.12,111.64,SULFAMAG,4.0,0.0,0.0,22.0,0.0,18.0,22.0,0.0,0.0,0.0,0.0,0.0,"{""N"": 0.0, ""P2O5"": 0.0, ""K2O"": 22.0, ""Ca"": 0.0, ""Mg"": 18.0, ""S"": 22.0, ""B"": 0.0, ""Cu"": 0.0, ""Fe"": 0.0, ""Mn"": 0.0, ""Zn"": 0.0}",56.23,3373.8
AM-0339,48.12,3.24,21.52,10.29,5.76,3.26,40.87,13.03,99.39,85.25,34.17,9.36,-13.44,9.12,18.32,3.12,-7.2,1.74,-7.88,-9.89,8.2,-1.66,89.93,MAP PURIFICADO,2.0,12.0,61.0,0.0,0.0,0.0,0.0,0.0,0.0,0.0,0.0,0.0,"{""N"": 12.0, ""P2O5"": 61.0, ""K2O"": 0.0, ""Ca"": 0.0, ""Mg"": 0.0, ""S"": 0.0, ""B"": 0.0, ""Cu"": 0.0, ""Fe"": 0.0, ""Mn"": 0.0, ""Zn"": 0.0}",61.09,3665.4
AM-0340,49.83,3.04,17.89,8.19,4.52,3.18,37.46,10.9,95.65,85.55,27.16,14.49,-18.24,-12.66,1.52,-11.76,-9.6,-5.08,-16.4,-11.69,8.44,-15.68,125.56,MAP PURIFICADO,3.9,12.0,61.0,0.0,0.0,0.0,0.0,0.0,0.0,0.0,0.0,0.0,"{""N"": 12.0, ""P2O5"": 61.0, ""K2O"": 0.0, ""Ca"": 0.0, ""Mg"": 0.0, ""S"": 0.0, ""B"": 0.0, ""Cu"": 0.0, ""Fe"": 0.0, ""Mn"": 0.0, ""Zn"": 0.0}",48.26,2895.6
AM-0341,40.45,3.35,23.07,8.05,5.6,3.54,48.37,11.86,110.09,72.47,24.67,-13.65,-10.8,18.42,0.4,1.2,1.2,16.74,-12.56,-4.76,-2.02,-20.66,102.41,SULFATO DE ZINCO,3.2,0.0,0.0,0.0,0.0,0.0,10.0,0.0,0.0,0.0,0.0,20.0,"{""N"": 0.0, ""P2O5"": 0.0, ""K2O"": 0.0, ""Ca"": 0.0, ""Mg"": 0.0, ""S"": 10.0, ""B"": 0.0, ""Cu"": 0.0, ""Fe"": 0.0, ""Mn"": 0.0, ""Zn"": 20.0}",57.31,3438.6
AM-0342,41.95,4.32,18.81,9.35,7.2,3.34,44.09,11.54,138.87,77.99,37.84,-9.15,12.48,-7.14,10.8,20.4,-4.8,8.18,-13.84,9.06,2.39,5.68,103.92,NENHUM,0.0,0.0,0.0,0.0,0.0,0.0,0.0,0.0,0.0,0.0,0.0,0.0,"{""N"": 0.0, ""P2O5"": 0.0, ""K2O"": 0.0, ""Ca"": 0.0, ""Mg"": 0.0, ""S"": 0.0, ""B"": 0.0, ""Cu"": 0.0, ""Fe"": 0.0, ""Mn"": 0.0, ""Zn"": 0.0}",45.29,2717.4
AM-0343,38.36,4.05,15.87,7.52,6.44,3.58,51.69,18.08,103.65,75.41,34.72,-19.92,6.0,-24.78,-3.84,11.28,2.4,23.38,12.32,-7.85,0.33,-0.56,112.66,K-FOL,2.3,0.0,10.0,40.0,0.0,0.0,2.0,0.0,0.0,0.0,0.0,0.0,"{""N"": 0.0, ""P2O5"": 10.0, ""K2O"": 40.0, ""Ca"": 0.0, ""Mg"": 0.0, ""S"": 2.0, ""B"": 0.0, ""Cu"": 0.0, ""Fe"": 0.0, ""Mn"": 0.0, ""Zn"": 0.0}",54.22,3253.2
AM-0344,45.07,3.13,17.69,6.73,4.4,3.46,36.38,15.95,136.24,83.73,32.54,0.21,-16.08,-13.86,-10.16,-13.2,-1.2,-7.24,3.8,7.8,6.98,-4.92,85.45,MAP PURIFICADO,3.1,12.0,61.0,0.0,0.0,0.0,0.0,0.0,0.0,0.0,0.0,0.0,"{""N"": 12.0, ""P2O5"": 61.0, ""K2O"": 0.0, ""Ca"": 0.0, ""Mg"": 0.0, ""S"": 0.0, ""B"": 0.0, ""Cu"": 0.0, ""Fe"": 0.0, ""Mn"": 0.0, ""Zn"": 0.0}",62.26,3735.6
AM-0345,46.11,4.4,18.81,11.15,4.97,3.51,35.97,15.67,76.44,66.81,28.45,3.33,14.4,-7.14,25.2,-6.36,0.3,-8.06,2.68,-20.91,-6.55,-13.1,108.03,NENHUM,0.0,0.0,0.0,0.0,0.0,0.0,0.0,0.0,0.0,0.0,0.0,0.0,"{""N"": 0.0, ""P2O5"": 0.0, ""K2O"": 0.0, ""Ca"": 0.0, ""Mg"": 0.0, ""S"": 0.0, ""B"": 0.0, ""Cu"": 0.0, ""Fe"": 0.0, ""Mn"": 0.0, ""Zn"": 0.0}",46.09,2765.4
AM-0346,48.98,4.12,15.26,11.06,5.8,3.19,40.94,15.53,103.33,77.97,31.36,11.94,7.68,-28.44,24.48,3.6,-9.3,1.88,2.12,-8.0,2.38,-7.28,107.1,K-FOL,2.2,0.0,10.0,40.0,0.0,0.0,2.0,0.0,0.0,0.0,0.0,0.0,"{""N"": 0.0, ""P2O5"": 10.0, ""K2O"": 40.0, ""Ca"": 0.0, ""Mg"": 0.0, ""S"": 2.0, ""B"": 0.0, ""Cu"": 0.0, ""Fe"": 0.0, ""Mn"": 0.0, ""Zn"": 0.0}",60.61,3636.6
AM-0347,47.3,3.73,22.24,8.55,4.88,3.64,34.58,17.84,85.07,93.33,36.93,6.9,-1.68,13.44,4.4,-7.44,4.2,-10.84,11.36,-16.77,14.66,3.86,95.55,NENHUM,0.0,0.0,0.0,0.0,0.0,0.0,0.0,0.0,0.0,0.0,0.0,0.0,"{""N"": 0.0, ""P2O5"": 0.0, ""K2O"": 0.0, ""Ca"": 0.0, ""Mg"": 0.0, ""S"": 0.0, ""B"": 0.0, ""Cu"": 0.0, ""Fe"": 0.0, ""Mn"": 0.0, ""Zn"": 0.0}",48.83,2929.8
AM-0348,48.05,4.06,22.66,9.98,5.85,3.15,36.75,14.79,147.04,68.15,32.76,9.15,6.24,15.96,15.84,4.2,-10.5,-6.5,-0.84,12.98,-5.48,-4.48,92.17,SULFAMAG,1.6,0.0,0.0,22.0,0.0,18.0,22.0,0.0,0.0,0.0,0.0,0.0,"{""N"": 0.0, ""P2O5"": 0.0, ""K2O"": 22.0, ""Ca"": 0.0, ""Mg"": 18.0, ""S"": 22.0, ""B"": 0.0, ""Cu"": 0.0, ""Fe"": 0.0, ""Mn"": 0.0, ""Zn"": 0.0}",60.29,3617.4
AM-0349,40.77,2.55,20.4,8.91,5.76,2.72,37.89,8.34,154.24,58.71,42.53,-12.69,-30.0,2.4,7.28,3.12,-23.4,-4.22,-26.64,16.44,-13.03,15.06,154.28,MAP PURIFICADO,2.2,12.0,61.0,0.0,0.0,0.0,0.0,0.0,0.0,0.0,0.0,0.0,"{""N"": 12.0, ""P2O5"": 61.0, ""K2O"": 0.0, ""Ca"": 0.0, ""Mg"": 0.0, ""S"": 0.0, ""B"": 0.0, ""Cu"": 0.0, ""Fe"": 0.0, ""Mn"": 0.0, ""Zn"": 0.0}",51.64,3098.4
AM-0350,41.95,3.61,19.36,8.16,6.5,3.61,39.24,17.9,99.93,73.84,40.97,-9.15,-4.56,-3.84,1.28,12.0,3.3,-1.52,11.6,-9.63,-0.93,11.94,69.75,NENHUM,0.0,0.0,0.0,0.0,0.0,0.0,0.0,0.0,0.0,0.0,0.0,0.0,"{""N"": 0.0, ""P2O5"": 0.0, ""K2O"": 0.0, ""Ca"": 0.0, ""Mg"": 0.0, ""S"": 0.0, ""B"": 0.0, ""Cu"": 0.0, ""Fe"": 0.0, ""Mn"": 0.0, ""Zn"": 0.0}",57.79,3467.4
AM-0351,43.13,3.04,20.62,5.63,5.29,3.97,43.58,8.93,125.01,70.21,27.36,-5.61,-18.24,3.72,-18.96,-2.52,14.1,7.16,-24.28,2.4,-3.83,-15.28,116.1,NENHUM,0.0,0.0,0.0,0.0,0.0,0.0,0.0,0.0,0.0,0.0,0.0,0.0,"{""N"": 0.0, ""P2O5"": 0.0, ""K2O"": 0.0, ""Ca"": 0.0, ""Mg"": 0.0, ""S"": 0.0, ""B"": 0.0, ""Cu"": 0.0, ""Fe"": 0.0, ""Mn"": 0.0, ""Zn"": 0.0}",44.33,2659.8
AM-0352,43.03,3.56,20.25,7.06,5.6,3.26,36.77,17.98,147.37,49.37,39.48,-5.91,-5.76,1.5,-7.52,1.2,-7.2,-6.46,11.92,13.14,-20.5,8.96,90.07,SULFATO DE Mn 31%,3.0,0.0,0.0,0.0,0.0,0.0,18.0,0.0,0.0,0.0,31.0,0.0,"{""N"": 0.0, ""P2O5"": 0.0, ""K2O"": 0.0, ""Ca"": 0.0, ""Mg"": 0.0, ""S"": 18.0, ""B"": 0.0, ""Cu"": 0.0, ""Fe"": 0.0, ""Mn"": 31.0, ""Zn"": 0.0}",66.27,3976.2
AM-0353,48.37,4.38,18.84,6.27,6.35,3.67,40.64,16.16,128.08,94.26,42.77,10.11,13.92,-6.96,-13.84,10.2,5.1,1.28,4.64,3.88,15.41,15.54,100.88,NENHUM,0.0,0.0,0.0,0.0,0.0,0.0,0.0,0.0,0.0,0.0,0.0,0.0,"{""N"": 0.0, ""P2O5"": 0.0, ""K2O"": 0.0, ""Ca"": 0.0, ""Mg"": 0.0, ""S"": 0.0, ""B"": 0.0, ""Cu"": 0.0, ""Fe"": 0.0, ""Mn"": 0.0, ""Zn"": 0.0}",49.11,2946.6
AM-0354,48.38,4.06,19.08,9.13,4.11,3.92,32.83,15.86,98.87,83.3,34.8,10.14,6.24,-5.52,9.04,-16.68,12.6,-14.34,3.44,-10.14,6.64,-0.4,95.18,SULFAMAG,3.8,0.0,0.0,22.0,0.0,18.0,22.0,0.0,0.0,0.0,0.0,0.0,"{""N"": 0.0, ""P2O5"": 0.0, ""K2O"": 22.0, ""Ca"": 0.0, ""Mg"": 18.0, ""S"": 22.0, ""B"": 0.0, ""Cu"": 0.0, ""Fe"": 0.0, ""Mn"": 0.0, ""Zn"": 0.0}",55.72,3343.2
AM-0355,43.16,3.61,20.01,10.43,4.26,3.77,42.83,12.35,156.67,83.09,31.95,-5.52,-4.56,0.06,19.44,-14.88,8.1,5.66,-10.6,17.6,6.47,-6.1,98.99,SULFAMAG,2.5,0.0,0.0,22.0,0.0,18.0,22.0,0.0,0.0,0.0,0.0,0.0,"{""N"": 0.0, ""P2O5"": 0.0, ""K2O"": 22.0, ""Ca"": 0.0, ""Mg"": 18.0, ""S"": 22.0, ""B"": 0.0, ""Cu"": 0.0, ""Fe"": 0.0, ""Mn"": 0.0, ""Zn"": 0.0}",52.0,3120.0
AM-0356,41.16,3.12,16.83,8.62,5.29,3.65,44.14,15.8,136.44,73.96,27.88,-11.52,-16.32,-19.02,4.96,-2.52,4.5,8.28,3.2,7.89,-0.83,-14.24,93.28,K-FOL,2.0,0.0,10.0,40.0,0.0,0.0,2.0,0.0,0.0,0.0,0.0,0.0,"{""N"": 0.0, ""P2O5"": 10.0, ""K2O"": 40.0, ""Ca"": 0.0, ""Mg"": 0.0, ""S"": 2.0, ""B"": 0.0, ""Cu"": 0.0, ""Fe"": 0.0, ""Mn"": 0.0, ""Zn"": 0.0}",62.8,3768.0
AM-0357,42.71,3.66,22.72,7.47,4.36,3.72,48.08,11.22,169.32,81.23,41.2,-6.87,-3.36,16.32,-4.24,-13.68,6.6,16.16,-15.12,23.67,4.98,12.4,123.4,NENHUM,0.0,0.0,0.0,0.0,0.0,0.0,0.0,0.0,0.0,0.0,0.0,0.0,"{""N"": 0.0, ""P2O5"": 0.0, ""K2O"": 0.0, ""Ca"": 0.0, ""Mg"": 0.0, ""S"": 0.0, ""B"": 0.0, ""Cu"": 0.0, ""Fe"": 0.0, ""Mn"": 0.0, ""Zn"": 0.0}",45.12,2707.2
AM-0358,48.89,3.74,22.44,8.38,6.59,3.98,33.45,17.38,115.45,77.07,35.76,11.67,-1.44,14.64,3.04,13.08,14.4,-13.1,9.52,-2.18,1.66,1.52,86.25,BORO 15,2.5,0.0,0.0,0.0,0.0,0.0,0.0,15.0,0.0,0.0,0.0,0.0,"{""N"": 0.0, ""P2O5"": 0.0, ""K2O"": 0.0, ""Ca"": 0.0, ""Mg"": 0.0, ""S"": 0.0, ""B"": 15.0, ""Cu"": 0.0, ""Fe"": 0.0, ""Mn"": 0.0, ""Zn"": 0.0}",59.44,3566.4
AM-0359,40.84,4.77,16.36,7.1,5.87,3.73,39.4,14.83,130.26,71.53,43.36,-12.48,23.28,-21.84,-7.2,4.44,6.9,-1.2,-0.68,4.92,-2.78,16.72,102.44,K-FOL,2.1,0.0,10.0,40.0,0.0,0.0,2.0,0.0,0.0,0.0,0.0,0.0,"{""N"": 0.0, ""P2O5"": 10.0, ""K2O"": 40.0, ""Ca"": 0.0, ""Mg"": 0.0, ""S"": 2.0, ""B"": 0.0, ""Cu"": 0.0, ""Fe"": 0.0, ""Mn"": 0.0, ""Zn"": 0.0}",61.31,3678.6
AM-0360,50.8,3.09,20.56,7.54,6.2,3.01,49.77,10.18,113.89,81.51,30.88,17.4,-17.04,3.36,-3.68,8.4,-14.7,19.54,-19.28,-2.93,5.21,-8.24,119.78,NENHUM,0.0,0.0,0.0,0.0,0.0,0.0,0.0,0.0,0.0,0.0,0.0,0.0,"{""N"": 0.0, ""P2O5"": 0.0, ""K2O"": 0.0, ""Ca"": 0.0, ""Mg"": 0.0, ""S"": 0.0, ""B"": 0.0, ""Cu"": 0.0, ""Fe"": 0.0, ""Mn"": 0.0, ""Zn"": 0.0}",40.35,2421.0
AM-0361,45.89,3.84,20.01,9.29,5.11,3.63,36.96,12.45,112.88,67.52,32.31,2.67,0.96,0.06,10.32,-4.68,3.9,-6.08,-10.2,-3.42,-5.98,-5.38,53.65,NENHUM,0.0,0.0,0.0,0.0,0.0,0.0,0.0,0.0,0.0,0.0,0.0,0.0,"{""N"": 0.0, ""P2O5"": 0.0, ""K2O"": 0.0, ""Ca"": 0.0, ""Mg"": 0.0, ""S"": 0.0, ""B"": 0.0, ""Cu"": 0.0, ""Fe"": 0.0, ""Mn"": 0.0, ""Zn"": 0.0}",63.89,3833.4
AM-0362,43.98,3.47,20.06,8.16,4.31,3.38,37.97,14.48,138.14,77.05,42.37,-3.06,-7.92,0.36,1.28,-14.28,-3.6,-4.06,-2.08,8.71,1.64,14.74,61.73,SULFAMAG,2.6,0.0,0.0,22.0,0.0,18.0,22.0,0.0,0.0,0.0,0.0,0.0,"{""N"": 0.0, ""P2O5"": 0.0, ""K2O"": 22.0, ""Ca"": 0.0, ""Mg"": 18.0, ""S"": 22.0, ""B"": 0.0, ""Cu"": 0.0, ""Fe"": 0.0, ""Mn"": 0.0, ""Zn"": 0.0}",66.78,4006.8
AM-0363,49.09,4.26,19.08,6.38,4.89,3.58,43.27,8.49,119.8,77.37,33.33,12.27,11.04,-5.52,-12.96,-7.32,2.4,6.54,-26.04,-0.1,1.9,-3.34,89.43,NENHUM,0.0,0.0,0.0,0.0,0.0,0.0,0.0,0.0,0.0,0.0,0.0,0.0,"{""N"": 0.0, ""P2O5"": 0.0, ""K2O"": 0.0, ""Ca"": 0.0, ""Mg"": 0.0, ""S"": 0.0, ""B"": 0.0, ""Cu"": 0.0, ""Fe"": 0.0, ""Mn"": 0.0, ""Zn"": 0.0}",54.19,3251.4
AM-0364,46.69,4.46,19.57,9.41,7.14,4.02,33.45,14.24,111.37,82.34,39.12,5.07,15.84,-2.58,11.28,19.68,15.6,-13.1,-3.04,-4.14,5.87,8.24,104.44,BORO 15,2.3,0.0,0.0,0.0,0.0,0.0,0.0,15.0,0.0,0.0,0.0,0.0,"{""N"": 0.0, ""P2O5"": 0.0, ""K2O"": 0.0, ""Ca"": 0.0, ""Mg"": 0.0, ""S"": 0.0, ""B"": 15.0, ""Cu"": 0.0, ""Fe"": 0.0, ""Mn"": 0.0, ""Zn"": 0.0}",51.91,3114.6
AM-0365,39.99,3.81,19.47,9.55,4.94,3.67,32.97,21.82,114.01,75.13,44.93,-15.03,0.24,-3.18,12.4,-6.72,5.1,-14.06,27.28,-2.88,0.1,19.86,106.85,QUIMIFOL 30 N,2.6,30.0,0.0,0.0,0.0,0.0,0.0,0.0,0.0,0.0,0.0,0.0,"{""N"": 30.0, ""P2O5"": 0.0, ""K2O"": 0.0, ""Ca"": 0.0, ""Mg"": 0.0, ""S"": 0.0, ""B"": 0.0, ""Cu"": 0.0, ""Fe"": 0.0, ""Mn"": 0.0, ""Zn"": 0.0}",53.14,3188.4
AM-0366,41.45,4.19,20.71,9.89,4.83,3.21,46.58,16.28,81.38,66.91,37.32,-10.65,9.36,4.26,15.12,-8.04,-8.7,13.16,5.12,-18.54,-6.47,4.64,104.06,NENHUM,0.0,0.0,0.0,0.0,0.0,0.0,0.0,0.0,0.0,0.0,0.0,0.0,"{""N"": 0.0, ""P2O5"": 0.0, ""K2O"": 0.0, ""Ca"": 0.0, ""Mg"": 0.0, ""S"": 0.0, ""B"": 0.0, ""Cu"": 0.0, ""Fe"": 0.0, ""Mn"": 0.0, ""Zn"": 0.0}",48.96,2937.6
AM-0367,42.28,2.34,21.05,6.17,3.48,2.37,44.88,15.39,114.36,95.84,38.82,-8.16,-35.04,6.3,-14.64,-24.24,-33.9,9.76,1.56,-2.71,16.67,7.64,160.62,MAP PURIFICADO,2.7,12.0,61.0,0.0,0.0,0.0,0.0,0.0,0.0,0.0,0.0,0.0,"{""N"": 12.0, ""P2O5"": 61.0, ""K2O"": 0.0, ""Ca"": 0.0, ""Mg"": 0.0, ""S"": 0.0, ""B"": 0.0, ""Cu"": 0.0, ""Fe"": 0.0, ""Mn"": 0.0, ""Zn"": 0.0}",55.09,3305.4
AM-0368,44.36,3.11,20.56,7.74,5.87,3.45,53.29,16.67,93.13,76.87,30.2,-1.92,-16.56,3.36,-2.08,4.44,-1.5,26.58,6.68,-12.9,1.5,-9.6,87.12,MAP PURIFICADO,3.1,12.0,61.0,0.0,0.0,0.0,0.0,0.0,0.0,0.0,0.0,0.0,"{""N"": 12.0, ""P2O5"": 61.0, ""K2O"": 0.0, ""Ca"": 0.0, ""Mg"": 0.0, ""S"": 0.0, ""B"": 0.0, ""Cu"": 0.0, ""Fe"": 0.0, ""Mn"": 0.0, ""Zn"": 0.0}",60.75,3645.0
AM-0369,50.93,3.66,18.87,7.29,6.22,3.44,36.15,20.0,98.6,75.53,38.91,17.79,-3.36,-6.78,-5.68,8.64,-1.8,-7.7,20.0,-10.27,0.42,7.82,90.26,NENHUM,0.0,0.0,0.0,0.0,0.0,0.0,0.0,0.0,0.0,0.0,0.0,0.0,"{""N"": 0.0, ""P2O5"": 0.0, ""K2O"": 0.0, ""Ca"": 0.0, ""Mg"": 0.0, ""S"": 0.0, ""B"": 0.0, ""Cu"": 0.0, ""Fe"": 0.0, ""Mn"": 0.0, ""Zn"": 0.0}",46.65,2799.0
AM-0370,46.92,3.27,21.65,6.56,6.19,3.94,45.17,15.75,114.22,66.35,43.83,5.76,-12.72,9.9,-11.52,8.28,13.2,10.34,3.0,-2.77,-6.92,17.66,102.07,MAP PURIFICADO,3.2,12.0,61.0,0.0,0.0,0.0,0.0,0.0,0.0,0.0,0.0,0.0,"{""N"": 12.0, ""P2O5"": 61.0, ""K2O"": 0.0, ""Ca"": 0.0, ""Mg"": 0.0, ""S"": 0.0, ""B"": 0.0, ""Cu"": 0.0, ""Fe"": 0.0, ""Mn"": 0.0, ""Zn"": 0.0}",53.23,3193.8
AM-0371,42.3,3.43,18.7,5.59,4.23,3.0,38.24,15.81,130.84,67.37,32.1,-8.1,-8.88,-7.8,-19.28,-15.24,-15.0,-3.52,3.24,5.2,-6.1,-5.8,98.16,NENHUM,0.0,0.0,0.0,0.0,0.0,0.0,0.0,0.0,0.0,0.0,0.0,0.0,"{""N"": 0.0, ""P2O5"": 0.0, ""K2O"": 0.0, ""Ca"": 0.0, ""Mg"": 0.0, ""S"": 0.0, ""B"": 0.0, ""Cu"": 0.0, ""Fe"": 0.0, ""Mn"": 0.0, ""Zn"": 0.0}",48.82,2929.2
AM-0372,39.02,4.28,22.57,7.06,5.1,4.0,39.26,16.76,117.69,98.34,37.94,-17.94,11.52,15.42,-7.52,-4.8,15.0,-1.48,7.04,-1.11,18.67,5.88,106.38,QUIMIFOL 30 N,2.0,30.0,0.0,0.0,0.0,0.0,0.0,0.0,0.0,0.0,0.0,0.0,"{""N"": 30.0, ""P2O5"": 0.0, ""K2O"": 0.0, ""Ca"": 0.0, ""Mg"": 0.0, ""S"": 0.0, ""B"": 0.0, ""Cu"": 0.0, ""Fe"": 0.0, ""Mn"": 0.0, ""Zn"": 0.0}",57.27,3436.2
AM-0373,46.64,3.98,20.16,7.94,7.89,3.97,44.34,15.34,145.18,82.77,35.16,4.92,4.32,0.96,-0.48,28.68,14.1,8.68,1.36,12.09,6.22,0.32,82.13,NENHUM,0.0,0.0,0.0,0.0,0.0,0.0,0.0,0.0,0.0,0.0,0.0,0.0,"{""N"": 0.0, ""P2O5"": 0.0, ""K2O"": 0.0, ""Ca"": 0.0, ""Mg"": 0.0, ""S"": 0.0, ""B"": 0.0, ""Cu"": 0.0, ""Fe"": 0.0, ""Mn"": 0.0, ""Zn"": 0.0}",52.24,3134.4
AM-0374,44.68,2.21,20.42,7.27,7.09,3.51,32.87,14.85,93.85,82.1,36.75,-0.96,-38.16,2.52,-5.84,19.08,0.3,-14.26,-0.6,-12.55,5.68,3.5,103.45,MAP PURIFICADO,1.9,12.0,61.0,0.0,0.0,0.0,0.0,0.0,0.0,0.0,0.0,0.0,"{""N"": 12.0, ""P2O5"": 61.0, ""K2O"": 0.0, ""Ca"": 0.0, ""Mg"": 0.0, ""S"": 0.0, ""B"": 0.0, ""Cu"": 0.0, ""Fe"": 0.0, ""Mn"": 0.0, ""Zn"": 0.0}",69.86,4191.6
AM-0375,45.09,4.08,20.39,7.02,6.27,3.25,21.4,15.39,106.15,80.73,46.99,0.27,6.72,2.34,-7.84,9.24,-7.5,-37.2,1.56,-6.65,4.58,23.98,107.88,BORO 15,1.7,0.0,0.0,0.0,0.0,0.0,0.0,15.0,0.0,0.0,0.0,0.0,"{""N"": 0.0, ""P2O5"": 0.0, ""K2O"": 0.0, ""Ca"": 0.0, ""Mg"": 0.0, ""S"": 0.0, ""B"": 15.0, ""Cu"": 0.0, ""Fe"": 0.0, ""Mn"": 0.0, ""Zn"": 0.0}",70.45,4227.0
AM-0376,49.42,3.67,19.53,7.39,4.97,3.62,31.02,18.84,103.36,85.83,27.38,13.26,-3.12,-2.82,-4.88,-6.36,3.6,-17.96,15.36,-7.99,8.66,-15.24,99.25,BORO 15,3.3,0.0,0.0,0.0,0.0,0.0,0.0,15.0,0.0,0.0,0.0,0.0,"{""N"": 0.0, ""P2O5"": 0.0, ""K2O"": 0.0, ""Ca"": 0.0, ""Mg"": 0.0, ""S"": 0.0, ""B"": 15.0, ""Cu"": 0.0, ""Fe"": 0.0, ""Mn"": 0.0, ""Zn"": 0.0}",60.63,3637.8
AM-0377,46.04,4.31,19.6,6.46,6.0,3.16,37.57,15.8,154.02,75.4,35.14,3.12,12.24,-2.4,-12.32,6.0,-10.2,-4.86,3.2,16.33,0.32,0.28,71.27,NENHUM,0.0,0.0,0.0,0.0,0.0,0.0,0.0,0.0,0.0,0.0,0.0,0.0,"{""N"": 0.0, ""P2O5"": 0.0, ""K2O"": 0.0, ""Ca"": 0.0, ""Mg"": 0.0, ""S"": 0.0, ""B"": 0.0, ""Cu"": 0.0, ""Fe"": 0.0, ""Mn"": 0.0, ""Zn"": 0.0}",57.89,3473.4
AM-0378,45.2,4.12,22.16,7.51,2.22,3.17,47.25,14.9,111.52,92.5,34.39,0.6,7.68,12.96,-3.92,-39.36,-9.9,14.5,-0.4,-4.07,14.0,-1.22,108.61,SULFAMAG,2.9,0.0,0.0,22.0,0.0,18.0,22.0,0.0,0.0,0.0,0.0,0.0,"{""N"": 0.0, ""P2O5"": 0.0, ""K2O"": 22.0, ""Ca"": 0.0, ""Mg"": 18.0, ""S"": 22.0, ""B"": 0.0, ""Cu"": 0.0, ""Fe"": 0.0, ""Mn"": 0.0, ""Zn"": 0.0}",63.21,3792.6
AM-0379,47.92,3.47,15.82,7.74,5.23,3.34,39.31,15.79,116.25,56.04,37.92,8.76,-7.92,-25.08,-2.08,-3.24,-4.8,-1.38,3.16,-1.8,-15.17,5.84,79.23,K-FOL,2.9,0.0,10.0,40.0,0.0,0.0,2.0,0.0,0.0,0.0,0.0,0.0,"{""N"": 0.0, ""P2O5"": 10.0, ""K2O"": 40.0, ""Ca"": 0.0, ""Mg"": 0.0, ""S"": 2.0, ""B"": 0.0, ""Cu"": 0.0, ""Fe"": 0.0, ""Mn"": 0.0, ""Zn"": 0.0}",63.5,3810.0
AM-0380,42.0,2.78,19.8,8.56,4.64,3.18,49.5,14.23,136.56,61.05,34.66,-9.0,-24.48,-1.2,4.48,-10.32,-9.6,19.0,-3.08,7.95,-11.16,-0.68,100.95,MAP PURIFICADO,3.4,12.0,61.0,0.0,0.0,0.0,0.0,0.0,0.0,0.0,0.0,0.0,"{""N"": 12.0, ""P2O5"": 61.0, ""K2O"": 0.0, ""Ca"": 0.0, ""Mg"": 0.0, ""S"": 0.0, ""B"": 0.0, ""Cu"": 0.0, ""Fe"": 0.0, ""Mn"": 0.0, ""Zn"": 0.0}",61.65,3699.0
AM-0381,48.03,2.84,21.32,6.79,5.81,3.4,47.92,12.38,135.69,70.81,34.05,9.09,-23.04,7.92,-9.68,3.72,-3.0,15.84,-10.48,7.53,-3.35,-1.9,95.55,MAP PURIFICADO,2.7,12.0,61.0,0.0,0.0,0.0,0.0,0.0,0.0,0.0,0.0,0.0,"{""N"": 12.0, ""P2O5"": 61.0, ""K2O"": 0.0, ""Ca"": 0.0, ""Mg"": 0.0, ""S"": 0.0, ""B"": 0.0, ""Cu"": 0.0, ""Fe"": 0.0, ""Mn"": 0.0, ""Zn"": 0.0}",61.95,3717.0
AM-0382,47.72,3.7,16.58,8.5,6.51,4.01,37.73,15.44,121.26,97.35,30.14,8.16,-2.4,-20.52,4.0,12.12,15.3,-4.54,1.76,0.6,17.88,-9.72,97.0,K-FOL,2.2,0.0,10.0,40.0,0.0,0.0,2.0,0.0,0.0,0.0,0.0,0.0,"{""N"": 0.0, ""P2O5"": 10.0, ""K2O"": 40.0, ""Ca"": 0.0, ""Mg"": 0.0, ""S"": 2.0, ""B"": 0.0, ""Cu"": 0.0, ""Fe"": 0.0, ""Mn"": 0.0, ""Zn"": 0.0}",58.94,3536.4
AM-0383,50.4,3.47,18.39,8.11,6.19,3.44,47.0,16.59,65.54,67.06,31.63,16.2,-7.92,-9.66,0.88,8.28,-1.8,14.0,6.36,-26.14,-6.35,-6.74,104.33,NENHUM,0.0,0.0,0.0,0.0,0.0,0.0,0.0,0.0,0.0,0.0,0.0,0.0,"{""N"": 0.0, ""P2O5"": 0.0, ""K2O"": 0.0, ""Ca"": 0.0, ""Mg"": 0.0, ""S"": 0.0, ""B"": 0.0, ""Cu"": 0.0, ""Fe"": 0.0, ""Mn"": 0.0, ""Zn"": 0.0}",47.99,2879.4
AM-0384,34.5,5.07,21.06,8.22,6.68,4.44,45.22,17.85,123.27,72.88,32.15,-31.5,30.48,6.36,1.76,14.16,28.2,10.44,11.4,1.57,-1.7,-5.7,143.27,QUIMIFOL 30 N,2.1,30.0,0.0,0.0,0.0,0.0,0.0,0.0,0.0,0.0,0.0,0.0,"{""N"": 30.0, ""P2O5"": 0.0, ""K2O"": 0.0, ""Ca"": 0.0, ""Mg"": 0.0, ""S"": 0.0, ""B"": 0.0, ""Cu"": 0.0, ""Fe"": 0.0, ""Mn"": 0.0, ""Zn"": 0.0}",50.97,3058.2
AM-0385,39.54,3.44,14.85,7.54,4.97,3.56,40.27,18.77,184.86,92.06,32.28,-16.38,-8.64,-30.9,-3.68,-6.36,1.8,0.54,15.08,31.13,13.65,-5.44,133.6,K-FOL,2.3,0.0,10.0,40.0,0.0,0.0,2.0,0.0,0.0,0.0,0.0,0.0,"{""N"": 0.0, ""P2O5"": 10.0, ""K2O"": 40.0, ""Ca"": 0.0, ""Mg"": 0.0, ""S"": 2.0, ""B"": 0.0, ""Cu"": 0.0, ""Fe"": 0.0, ""Mn"": 0.0, ""Zn"": 0.0}",54.46,3267.6
AM-0386,39.64,4.02,18.64,9.45,6.49,4.05,34.89,16.43,135.81,67.89,30.37,-16.08,5.28,-8.16,11.6,11.88,16.5,-10.22,5.72,7.59,-5.69,-9.26,107.98,QUIMIFOL 30 N,3.8,30.0,0.0,0.0,0.0,0.0,0.0,0.0,0.0,0.0,0.0,0.0,"{""N"": 30.0, ""P2O5"": 0.0, ""K2O"": 0.0, ""Ca"": 0.0, ""Mg"": 0.0, ""S"": 0.0, ""B"": 0.0, ""Cu"": 0.0, ""Fe"": 0.0, ""Mn"": 0.0, ""Zn"": 0.0}",59.78,3586.8
AM-0387,42.23,3.93,17.97,5.47,5.49,3.24,38.48,12.1,150.22,65.08,32.41,-8.31,3.12,-12.18,-20.24,-0.12,-7.8,-3.04,-11.6,14.51,-7.94,-5.18,94.04,NENHUM,0.0,0.0,0.0,0.0,0.0,0.0,0.0,0.0,0.0,0.0,0.0,0.0,"{""N"": 0.0, ""P2O5"": 0.0, ""K2O"": 0.0, ""Ca"": 0.0, ""Mg"": 0.0, ""S"": 0.0, ""B"": 0.0, ""Cu"": 0.0, ""Fe"": 0.0, ""Mn"": 0.0, ""Zn"": 0.0}",50.61,3036.6
AM-0388,39.49,3.07,20.76,7.33,4.6,3.74,35.13,14.18,97.6,79.55,42.99,-16.53,-17.52,4.56,-5.36,-10.8,7.2,-9.74,-3.28,-10.75,3.64,15.98,105.36,MAP PURIFICADO,3.8,12.0,61.0,0.0,0.0,0.0,0.0,0.0,0.0,0.0,0.0,0.0,"{""N"": 12.0, ""P2O5"": 61.0, ""K2O"": 0.0, ""Ca"": 0.0, ""Mg"": 0.0, ""S"": 0.0, ""B"": 0.0, ""Cu"": 0.0, ""Fe"": 0.0, ""Mn"": 0.0, ""Zn"": 0.0}",52.73,3163.8
AM-0389,39.91,3.91,22.13,7.44,6.85,4.02,49.98,15.92,134.68,96.21,37.68,-15.27,2.64,12.78,-4.48,16.2,15.6,19.96,3.68,7.05,16.97,5.36,119.99,QUIMIFOL 30 N,3.3,30.0,0.0,0.0,0.0,0.0,0.0,0.0,0.0,0.0,0.0,0.0,"{""N"": 30.0, ""P2O5"": 0.0, ""K2O"": 0.0, ""Ca"": 0.0, ""Mg"": 0.0, ""S"": 0.0, ""B"": 0.0, ""Cu"": 0.0, ""Fe"": 0.0, ""Mn"": 0.0, ""Zn"": 0.0}",50.29,3017.4
AM-0390,44.7,3.37,19.0,6.49,5.45,3.4,52.87,17.68,144.24,82.07,32.8,-0.9,-10.32,-6.0,-12.08,-0.6,-3.0,25.74,10.72,11.64,5.66,-4.4,91.06,NENHUM,0.0,0.0,0.0,0.0,0.0,0.0,0.0,0.0,0.0,0.0,0.0,0.0,"{""N"": 0.0, ""P2O5"": 0.0, ""K2O"": 0.0, ""Ca"": 0.0, ""Mg"": 0.0, ""S"": 0.0, ""B"": 0.0, ""Cu"": 0.0, ""Fe"": 0.0, ""Mn"": 0.0, ""Zn"": 0.0}",49.81,2988.6
AM-0391,44.26,3.89,20.78,8.0,5.21,3.26,31.64,18.85,175.14,92.99,27.45,-2.22,2.16,4.68,0.0,-3.48,-7.2,-16.72,15.4,26.47,14.39,-15.1,107.82,BORO 15,2.4,0.0,0.0,0.0,0.0,0.0,0.0,15.0,0.0,0.0,0.0,0.0,"{""N"": 0.0, ""P2O5"": 0.0, ""K2O"": 0.0, ""Ca"": 0.0, ""Mg"": 0.0, ""S"": 0.0, ""B"": 15.0, ""Cu"": 0.0, ""Fe"": 0.0, ""Mn"": 0.0, ""Zn"": 0.0}",57.11,3426.6
AM-0392,43.46,4.02,20.48,9.88,6.29,3.89,41.96,10.83,115.11,90.9,34.69,-4.62,5.28,2.88,15.04,9.48,11.7,3.92,-16.68,-2.35,12.72,-0.62,85.29,NENHUM,0.0,0.0,0.0,0.0,0.0,0.0,0.0,0.0,0.0,0.0,0.0,0.0,"{""N"": 0.0, ""P2O5"": 0.0, ""K2O"": 0.0, ""Ca"": 0.0, ""Mg"": 0.0, ""S"": 0.0, ""B"": 0.0, ""Cu"": 0.0, ""Fe"": 0.0, ""Mn"": 0.0, ""Zn"": 0.0}",53.38,3202.8
AM-0393,43.73,3.29,19.75,8.46,4.84,3.41,34.36,18.36,112.64,96.79,44.17,-3.81,-12.24,-1.5,3.68,-7.92,-2.7,-11.28,13.44,-3.53,17.43,18.34,95.87,MAP PURIFICADO,2.5,12.0,61.0,0.0,0.0,0.0,0.0,0.0,0.0,0.0,0.0,0.0,"{""N"": 12.0, ""P2O5"": 61.0, ""K2O"": 0.0, ""Ca"": 0.0, ""Mg"": 0.0, ""S"": 0.0, ""B"": 0.0, ""Cu"": 0.0, ""Fe"": 0.0, ""Mn"": 0.0, ""Zn"": 0.0}",55.84,3350.4
AM-0394,36.71,3.32,20.88,4.63,4.99,3.96,52.26,15.87,96.84,60.6,35.87,-24.87,-11.52,5.28,-26.96,-6.12,13.8,24.52,3.48,-11.12,-11.52,1.74,140.93,NENHUM,0.0,0.0,0.0,0.0,0.0,0.0,0.0,0.0,0.0,0.0,0.0,0.0,"{""N"": 0.0, ""P2O5"": 0.0, ""K2O"": 0.0, ""Ca"": 0.0, ""Mg"": 0.0, ""S"": 0.0, ""B"": 0.0, ""Cu"": 0.0, ""Fe"": 0.0, ""Mn"": 0.0, ""Zn"": 0.0}",38.0,2280.0
AM-0395,52.43,4.29,20.17,7.5,8.51,3.75,35.99,14.33,98.06,38.93,36.88,22.29,11.76,1.02,-4.0,36.12,7.5,-8.02,-2.68,-10.53,-28.86,3.76,136.54,SULFATO DE Mn 31%,2.8,0.0,0.0,0.0,0.0,0.0,18.0,0.0,0.0,0.0,31.0,0.0,"{""N"": 0.0, ""P2O5"": 0.0, ""K2O"": 0.0, ""Ca"": 0.0, ""Mg"": 0.0, ""S"": 18.0, ""B"": 0.0, ""Cu"": 0.0, ""Fe"": 0.0, ""Mn"": 31.0, ""Zn"": 0.0}",58.85,3531.0
AM-0396,48.23,3.38,19.15,7.32,3.7,3.37,44.4,11.18,146.21,82.32,30.59,9.69,-10.08,-5.1,-5.44,-21.6,-3.9,8.8,-15.28,12.58,5.86,-8.82,107.15,SULFAMAG,2.2,0.0,0.0,22.0,0.0,18.0,22.0,0.0,0.0,0.0,0.0,0.0,"{""N"": 0.0, ""P2O5"": 0.0, ""K2O"": 22.0, ""Ca"": 0.0, ""Mg"": 18.0, ""S"": 22.0, ""B"": 0.0, ""Cu"": 0.0, ""Fe"": 0.0, ""Mn"": 0.0, ""Zn"": 0.0}",57.5,3450.0
AM-0397,45.23,3.94,18.89,8.03,6.29,3.55,40.26,16.48,136.67,74.06,32.15,0.69,3.36,-6.66,0.24,9.48,1.5,0.52,5.92,8.0,-0.75,-5.7,42.82,K-FOL,2.7,0.0,10.0,40.0,0.0,0.0,2.0,0.0,0.0,0.0,0.0,0.0,"{""N"": 0.0, ""P2O5"": 10.0, ""K2O"": 40.0, ""Ca"": 0.0, ""Mg"": 0.0, ""S"": 2.0, ""B"": 0.0, ""Cu"": 0.0, ""Fe"": 0.0, ""Mn"": 0.0, ""Zn"": 0.0}",68.29,4097.4
AM-0398,44.26,3.0,24.55,6.15,4.47,3.32,47.73,15.04,89.1,93.82,39.39,-2.22,-19.2,27.3,-14.8,-12.36,-5.4,15.46,0.16,-14.83,15.06,8.78,135.57,MAP PURIFICADO,3.9,12.0,61.0,0.0,0.0,0.0,0.0,0.0,0.0,0.0,0.0,0.0,"{""N"": 12.0, ""P2O5"": 61.0, ""K2O"": 0.0, ""Ca"": 0.0, ""Mg"": 0.0, ""S"": 0.0, ""B"": 0.0, ""Cu"": 0.0, ""Fe"": 0.0, ""Mn"": 0.0, ""Zn"": 0.0}",51.4,3084.0
AM-0399,45.93,4.25,19.06,8.04,5.24,2.85,45.5,21.17,98.16,89.44,29.95,2.79,10.8,-5.64,0.32,-3.12,-19.5,11.0,24.68,-10.48,11.55,-10.1,109.98,SULFAMAG,2.5,0.0,0.0,22.0,0.0,18.0,22.0,0.0,0.0,0.0,0.0,0.0,"{""N"": 0.0, ""P2O5"": 0.0, ""K2O"": 22.0, ""Ca"": 0.0, ""Mg"": 18.0, ""S"": 22.0, ""B"": 0.0, ""Cu"": 0.0, ""Fe"": 0.0, ""Mn"": 0.0, ""Zn"": 0.0}",56.51,3390.6
AM-0400,48.31,4.34,15.85,7.97,6.62,3.43,44.37,16.05,128.54,70.93,27.7,9.93,12.96,-24.9,-0.24,13.44,-2.1,8.74,4.2,4.1,-3.26,-14.6,98.47,K-FOL,2.8,0.0,10.0,40.0,0.0,0.0,2.0,0.0,0.0,0.0,0.0,0.0,"{""N"": 0.0, ""P2O5"": 10.0, ""K2O"": 40.0, ""Ca"": 0.0, ""Mg"": 0.0, ""S"": 2.0, ""B"": 0.0, ""Cu"": 0.0, ""Fe"": 0.0, ""Mn"": 0.0, ""Zn"": 0.0}",59.97,3598.2
AM-0401,48.76,3.61,17.46,7.34,3.6,3.0,40.86,15.68,127.66,75.05,30.84,11.28,-4.56,-15.24,-5.28,-22.8,-15.0,1.72,2.72,3.68,0.04,-8.32,90.64,SULFAMAG,2.2,0.0,0.0,22.0,0.0,18.0,22.0,0.0,0.0,0.0,0.0,0.0,"{""N"": 0.0, ""P2O5"": 0.0, ""K2O"": 22.0, ""Ca"": 0.0, ""Mg"": 18.0, ""S"": 22.0, ""B"": 0.0, ""Cu"": 0.0, ""Fe"": 0.0, ""Mn"": 0.0, ""Zn"": 0.0}",63.0,3780.0
AM-0402,40.28,3.69,21.22,5.67,5.7,3.54,40.25,18.11,128.36,97.17,29.04,-14.16,-2.64,7.32,-18.64,2.4,1.2,0.5,12.44,4.01,17.74,-11.92,92.97,NENHUM,0.0,0.0,0.0,0.0,0.0,0.0,0.0,0.0,0.0,0.0,0.0,0.0,"{""N"": 0.0, ""P2O5"": 0.0, ""K2O"": 0.0, ""Ca"": 0.0, ""Mg"": 0.0, ""S"": 0.0, ""B"": 0.0, ""Cu"": 0.0, ""Fe"": 0.0, ""Mn"": 0.0, ""Zn"": 0.0}",50.31,3018.6
AM-0403,45.34,3.27,21.91,11.49,5.48,3.7,40.51,12.86,74.48,64.41,26.65,1.02,-12.72,11.46,27.92,-0.24,6.0,1.02,-8.56,-21.85,-8.47,-16.7,115.96,NENHUM,0.0,0.0,0.0,0.0,0.0,0.0,0.0,0.0,0.0,0.0,0.0,0.0,"{""N"": 0.0, ""P2O5"": 0.0, ""K2O"": 0.0, ""Ca"": 0.0, ""Mg"": 0.0, ""S"": 0.0, ""B"": 0.0, ""Cu"": 0.0, ""Fe"": 0.0, ""Mn"": 0.0, ""Zn"": 0.0}",47.79,2867.4
AM-0404,44.54,3.63,21.78,6.32,4.73,3.53,46.17,16.51,126.21,76.17,37.4,-1.38,-4.08,10.68,-13.44,-9.24,0.9,12.34,6.04,2.98,0.94,4.8,66.82,NENHUM,0.0,0.0,0.0,0.0,0.0,0.0,0.0,0.0,0.0,0.0,0.0,0.0,"{""N"": 0.0, ""P2O5"": 0.0, ""K2O"": 0.0, ""Ca"": 0.0, ""Mg"": 0.0, ""S"": 0.0, ""B"": 0.0, ""Cu"": 0.0, ""Fe"": 0.0, ""Mn"": 0.0, ""Zn"": 0.0}",57.79,3467.4
AM-0405,40.88,3.82,17.85,8.12,5.02,4.52,39.76,10.79,116.65,82.79,45.04,-12.36,0.48,-12.9,0.96,-5.76,30.6,-0.48,-16.84,-1.61,6.23,20.08,108.3,NENHUM,0.0,0.0,0.0,0.0,0.0,0.0,0.0,0.0,0.0,0.0,0.0,0.0,"{""N"": 0.0, ""P2O5"": 0.0, ""K2O"": 0.0, ""Ca"": 0.0, ""Mg"": 0.0, ""S"": 0.0, ""B"": 0.0, ""Cu"": 0.0, ""Fe"": 0.0, ""Mn"": 0.0, ""Zn"": 0.0}",44.2,2652.0
AM-0406,38.67,4.21,17.24,7.35,5.24,3.47,44.13,12.95,113.16,74.79,35.9,-18.99,9.84,-16.56,-5.2,-3.12,-0.9,8.26,-8.2,-3.28,-0.17,1.8,76.32,QUIMIFOL 30 N,3.6,30.0,0.0,0.0,0.0,0.0,0.0,0.0,0.0,0.0,0.0,0.0,"{""N"": 30.0, ""P2O5"": 0.0, ""K2O"": 0.0, ""Ca"": 0.0, ""Mg"": 0.0, ""S"": 0.0, ""B"": 0.0, ""Cu"": 0.0, ""Fe"": 0.0, ""Mn"": 0.0, ""Zn"": 0.0}",66.5,3990.0
AM-0407,43.65,3.87,21.04,8.64,5.54,4.07,43.5,13.65,108.88,66.63,38.79,-4.05,1.68,6.24,5.12,0.48,17.1,7.0,-5.4,-5.34,-6.7,7.58,66.69,SULFATO DE Mn 31%,2.0,0.0,0.0,0.0,0.0,0.0,18.0,0.0,0.0,0.0,31.0,0.0,"{""N"": 0.0, ""P2O5"": 0.0, ""K2O"": 0.0, ""Ca"": 0.0, ""Mg"": 0.0, ""S"": 18.0, ""B"": 0.0, ""Cu"": 0.0, ""Fe"": 0.0, ""Mn"": 31.0, ""Zn"": 0.0}",59.39,3563.4
AM-0408,49.14,3.6,21.82,8.19,5.38,3.42,44.48,15.98,176.9,62.22,38.11,12.42,-4.8,10.92,1.52,-1.44,-2.4,8.96,3.92,27.31,-10.22,6.22,90.13,SULFATO DE Mn 31%,3.9,0.0,0.0,0.0,0.0,0.0,18.0,0.0,0.0,0.0,31.0,0.0,"{""N"": 0.0, ""P2O5"": 0.0, ""K2O"": 0.0, ""Ca"": 0.0, ""Mg"": 0.0, ""S"": 18.0, ""B"": 0.0, ""Cu"": 0.0, ""Fe"": 0.0, ""Mn"": 31.0, ""Zn"": 0.0}",55.83,3349.8
AM-0409,44.84,2.92,20.24,6.74,4.33,3.5,28.41,12.98,183.78,84.75,29.71,-0.48,-21.12,1.44,-10.08,-14.04,0.0,-23.18,-8.08,30.61,7.8,-10.58,127.41,BORO 15,1.6,0.0,0.0,0.0,0.0,0.0,0.0,15.0,0.0,0.0,0.0,0.0,"{""N"": 0.0, ""P2O5"": 0.0, ""K2O"": 0.0, ""Ca"": 0.0, ""Mg"": 0.0, ""S"": 0.0, ""B"": 15.0, ""Cu"": 0.0, ""Fe"": 0.0, ""Mn"": 0.0, ""Zn"": 0.0}",55.94,3356.4
AM-0410,41.94,3.24,20.62,6.09,5.09,3.1,43.3,20.4,87.46,47.2,34.25,-9.18,-13.44,3.72,-15.28,-4.92,-12.0,6.6,21.6,-15.62,-22.24,-1.5,126.1,SULFATO DE Mn 31%,1.7,0.0,0.0,0.0,0.0,0.0,18.0,0.0,0.0,0.0,31.0,0.0,"{""N"": 0.0, ""P2O5"": 0.0, ""K2O"": 0.0, ""Ca"": 0.0, ""Mg"": 0.0, ""S"": 18.0, ""B"": 0.0, ""Cu"": 0.0, ""Fe"": 0.0, ""Mn"": 31.0, ""Zn"": 0.0}",52.44,3146.4
AM-0411,46.84,3.91,18.43,5.91,6.49,3.57,41.53,13.13,99.95,38.18,33.63,5.52,2.64,-9.42,-16.72,11.88,2.1,3.06,-7.48,-9.62,-29.46,-2.74,100.64,SULFATO DE Mn 31%,2.3,0.0,0.0,0.0,0.0,0.0,18.0,0.0,0.0,0.0,31.0,0.0,"{""N"": 0.0, ""P2O5"": 0.0, ""K2O"": 0.0, ""Ca"": 0.0, ""Mg"": 0.0, ""S"": 18.0, ""B"": 0.0, ""Cu"": 0.0, ""Fe"": 0.0, ""Mn"": 31.0, ""Zn"": 0.0}",67.72,4063.2
AM-0412,49.12,3.63,18.31,9.39,5.17,3.3,40.9,17.31,179.54,87.41,41.96,12.36,-4.08,-10.14,11.12,-3.96,-6.0,1.8,9.24,28.58,9.93,13.92,111.13,K-FOL,2.8,0.0,10.0,40.0,0.0,0.0,2.0,0.0,0.0,0.0,0.0,0.0,"{""N"": 0.0, ""P2O5"": 10.0, ""K2O"": 40.0, ""Ca"": 0.0, ""Mg"": 0.0, ""S"": 2.0, ""B"": 0.0, ""Cu"": 0.0, ""Fe"": 0.0, ""Mn"": 0.0, ""Zn"": 0.0}",49.46,2967.6
AM-0413,47.9,3.83,21.52,7.41,4.73,3.82,34.93,16.93,120.77,40.06,31.55,8.7,0.72,9.12,-4.72,-9.24,9.6,-10.14,7.72,0.37,-27.95,-6.9,95.18,SULFATO DE Mn 31%,2.5,0.0,0.0,0.0,0.0,0.0,18.0,0.0,0.0,0.0,31.0,0.0,"{""N"": 0.0, ""P2O5"": 0.0, ""K2O"": 0.0, ""Ca"": 0.0, ""Mg"": 0.0, ""S"": 18.0, ""B"": 0.0, ""Cu"": 0.0, ""Fe"": 0.0, ""Mn"": 31.0, ""Zn"": 0.0}",65.91,3954.6
AM-0414,56.74,3.26,19.14,8.62,6.1,3.88,50.85,16.52,93.6,71.15,36.85,35.22,-12.96,-5.16,4.96,7.2,11.4,21.7,6.08,-12.67,-3.08,3.7,124.13,MAP PURIFICADO,3.1,12.0,61.0,0.0,0.0,0.0,0.0,0.0,0.0,0.0,0.0,0.0,"{""N"": 12.0, ""P2O5"": 61.0, ""K2O"": 0.0, ""Ca"": 0.0, ""Mg"": 0.0, ""S"": 0.0, ""B"": 0.0, ""Cu"": 0.0, ""Fe"": 0.0, ""Mn"": 0.0, ""Zn"": 0.0}",54.05,3243.0
AM-0415,47.71,3.67,18.41,8.25,7.08,3.38,39.84,19.37,112.49,82.65,40.26,8.13,-3.12,-9.54,2.0,18.96,-3.6,-0.32,17.48,-3.6,6.12,10.52,83.39,K-FOL,3.7,0.0,10.0,40.0,0.0,0.0,2.0,0.0,0.0,0.0,0.0,0.0,"{""N"": 0.0, ""P2O5"": 10.0, ""K2O"": 40.0, ""Ca"": 0.0, ""Mg"": 0.0, ""S"": 2.0, ""B"": 0.0, ""Cu"": 0.0, ""Fe"": 0.0, ""Mn"": 0.0, ""Zn"": 0.0}",58.04,3482.4
AM-0416,48.28,4.01,18.07,7.19,5.03,2.91,35.09,11.6,109.69,63.92,25.24,9.84,5.04,-11.58,-6.48,-5.64,-17.7,-9.82,-13.6,-4.95,-8.86,-19.52,113.03,SULFATO DE ZINCO,2.4,0.0,0.0,0.0,0.0,0.0,10.0,0.0,0.0,0.0,0.0,20.0,"{""N"": 0.0, ""P2O5"": 0.0, ""K2O"": 0.0, ""Ca"": 0.0, ""Mg"": 0.0, ""S"": 10.0, ""B"": 0.0, ""Cu"": 0.0, ""Fe"": 0.0, ""Mn"": 0.0, ""Zn"": 20.0}",60.3,3618.0
AM-0417,46.84,3.94,18.47,9.75,4.84,3.68,37.82,12.39,104.87,86.01,37.17,5.52,3.36,-9.18,14.0,-7.92,5.4,-4.36,-10.44,-7.26,8.81,4.34,80.59,NENHUM,0.0,0.0,0.0,0.0,0.0,0.0,0.0,0.0,0.0,0.0,0.0,0.0,"{""N"": 0.0, ""P2O5"": 0.0, ""K2O"": 0.0, ""Ca"": 0.0, ""Mg"": 0.0, ""S"": 0.0, ""B"": 0.0, ""Cu"": 0.0, ""Fe"": 0.0, ""Mn"": 0.0, ""Zn"": 0.0}",55.86,3351.6
AM-0418,46.44,2.99,24.23,8.56,6.01,3.35,46.68,11.72,135.25,43.81,39.06,4.32,-19.44,25.38,4.48,6.12,-4.5,13.36,-13.12,7.32,-24.95,8.12,131.11,SULFATO DE Mn 31%,3.5,0.0,0.0,0.0,0.0,0.0,18.0,0.0,0.0,0.0,31.0,0.0,"{""N"": 0.0, ""P2O5"": 0.0, ""K2O"": 0.0, ""Ca"": 0.0, ""Mg"": 0.0, ""S"": 18.0, ""B"": 0.0, ""Cu"": 0.0, ""Fe"": 0.0, ""Mn"": 31.0, ""Zn"": 0.0}",51.75,3105.0
AM-0419,51.48,4.01,17.57,10.05,4.89,3.86,49.44,16.37,82.6,61.23,42.94,19.44,5.04,-14.58,16.4,-7.32,10.8,18.88,5.48,-17.95,-11.02,15.88,142.79,NENHUM,0.0,0.0,0.0,0.0,0.0,0.0,0.0,0.0,0.0,0.0,0.0,0.0,"{""N"": 0.0, ""P2O5"": 0.0, ""K2O"": 0.0, ""Ca"": 0.0, ""Mg"": 0.0, ""S"": 0.0, ""B"": 0.0, ""Cu"": 0.0, ""Fe"": 0.0, ""Mn"": 0.0, ""Zn"": 0.0}",38.0,2280.0
AM-0420,45.32,4.18,21.39,8.42,5.29,3.37,45.15,16.66,113.57,91.23,34.23,0.96,9.12,8.34,3.36,-2.52,-3.9,10.3,6.64,-3.09,12.98,-1.54,62.75,NENHUM,0.0,0.0,0.0,0.0,0.0,0.0,0.0,0.0,0.0,0.0,0.0,0.0,"{""N"": 0.0, ""P2O5"": 0.0, ""K2O"": 0.0, ""Ca"": 0.0, ""Mg"": 0.0, ""S"": 0.0, ""B"": 0.0, ""Cu"": 0.0, ""Fe"": 0.0, ""Mn"": 0.0, ""Zn"": 0.0}",56.3,3378.0
AM-0421,41.96,3.31,19.46,9.85,4.69,3.58,36.06,14.22,82.25,71.69,33.84,-9.12,-11.76,-3.24,14.8,-9.72,2.4,-7.88,-3.12,-18.12,-2.65,-2.32,85.13,NENHUM,0.0,0.0,0.0,0.0,0.0,0.0,0.0,0.0,0.0,0.0,0.0,0.0,"{""N"": 0.0, ""P2O5"": 0.0, ""K2O"": 0.0, ""Ca"": 0.0, ""Mg"": 0.0, ""S"": 0.0, ""B"": 0.0, ""Cu"": 0.0, ""Fe"": 0.0, ""Mn"": 0.0, ""Zn"": 0.0}",53.51,3210.6
AM-0422,45.89,3.2,22.17,8.32,5.7,3.5,36.89,15.65,131.89,48.8,31.77,2.67,-14.4,13.02,2.56,2.4,0.0,-6.22,2.6,5.71,-20.96,-6.46,77.0,SULFATO DE Mn 31%,1.5,0.0,0.0,0.0,0.0,0.0,18.0,0.0,0.0,0.0,31.0,0.0,"{""N"": 0.0, ""P2O5"": 0.0, ""K2O"": 0.0, ""Ca"": 0.0, ""Mg"": 0.0, ""S"": 18.0, ""B"": 0.0, ""Cu"": 0.0, ""Fe"": 0.0, ""Mn"": 31.0, ""Zn"": 0.0}",64.65,3879.0
AM-0423,49.9,3.71,17.99,6.54,5.2,3.38,45.47,12.99,130.88,70.42,30.53,14.7,-2.16,-12.06,-11.68,-3.6,-3.6,10.94,-8.04,5.22,-3.66,-8.94,84.6,K-FOL,3.7,0.0,10.0,40.0,0.0,0.0,2.0,0.0,0.0,0.0,0.0,0.0,"{""N"": 0.0, ""P2O5"": 10.0, ""K2O"": 40.0, ""Ca"": 0.0, ""Mg"": 0.0, ""S"": 2.0, ""B"": 0.0, ""Cu"": 0.0, ""Fe"": 0.0, ""Mn"": 0.0, ""Zn"": 0.0}",58.92,3535.2
AM-0424,40.78,4.01,16.6,7.16,5.17,4.17,38.35,8.4,70.03,75.51,38.68,-12.66,5.04,-20.4,-6.72,-3.96,20.1,-3.3,-26.4,-23.99,0.41,7.36,130.34,NENHUM,0.0,0.0,0.0,0.0,0.0,0.0,0.0,0.0,0.0,0.0,0.0,0.0,"{""N"": 0.0, ""P2O5"": 0.0, ""K2O"": 0.0, ""Ca"": 0.0, ""Mg"": 0.0, ""S"": 0.0, ""B"": 0.0, ""Cu"": 0.0, ""Fe"": 0.0, ""Mn"": 0.0, ""Zn"": 0.0}",40.44,2426.4
AM-0425,45.67,4.38,18.92,9.34,3.87,3.14,29.16,14.18,118.84,76.71,35.37,2.01,13.92,-6.48,10.72,-19.56,-10.8,-21.68,-3.28,-0.56,1.37,0.74,91.12,BORO 15,1.6,0.0,0.0,0.0,0.0,0.0,0.0,15.0,0.0,0.0,0.0,0.0,"{""N"": 0.0, ""P2O5"": 0.0, ""K2O"": 0.0, ""Ca"": 0.0, ""Mg"": 0.0, ""S"": 0.0, ""B"": 15.0, ""Cu"": 0.0, ""Fe"": 0.0, ""Mn"": 0.0, ""Zn"": 0.0}",59.48,3568.8
AM-0426,44.06,3.64,15.15,6.06,6.14,3.82,28.97,12.56,146.8,64.23,34.33,-2.82,-3.84,-29.1,-15.52,7.68,9.6,-22.06,-9.76,12.86,-8.62,-1.34,123.2,K-FOL,1.8,0.0,10.0,40.0,0.0,0.0,2.0,0.0,0.0,0.0,0.0,0.0,"{""N"": 0.0, ""P2O5"": 10.0, ""K2O"": 40.0, ""Ca"": 0.0, ""Mg"": 0.0, ""S"": 2.0, ""B"": 0.0, ""Cu"": 0.0, ""Fe"": 0.0, ""Mn"": 0.0, ""Zn"": 0.0}",60.56,3633.6
AM-0427,46.73,4.17,25.14,4.63,6.11,3.28,36.48,13.14,97.28,100.27,40.05,5.19,8.88,30.84,-26.96,7.32,-6.6,-7.04,-7.44,-10.91,20.22,10.1,141.5,NENHUM,0.0,0.0,0.0,0.0,0.0,0.0,0.0,0.0,0.0,0.0,0.0,0.0,"{""N"": 0.0, ""P2O5"": 0.0, ""K2O"": 0.0, ""Ca"": 0.0, ""Mg"": 0.0, ""S"": 0.0, ""B"": 0.0, ""Cu"": 0.0, ""Fe"": 0.0, ""Mn"": 0.0, ""Zn"": 0.0}",38.0,2280.0
AM-0428,50.4,3.04,17.34,4.73,4.8,3.56,40.62,15.45,84.72,87.05,36.44,16.2,-18.24,-15.96,-26.16,-8.4,1.8,1.24,1.8,-16.93,9.64,2.88,119.25,NENHUM,0.0,0.0,0.0,0.0,0.0,0.0,0.0,0.0,0.0,0.0,0.0,0.0,"{""N"": 0.0, ""P2O5"": 0.0, ""K2O"": 0.0, ""Ca"": 0.0, ""Mg"": 0.0, ""S"": 0.0, ""B"": 0.0, ""Cu"": 0.0, ""Fe"": 0.0, ""Mn"": 0.0, ""Zn"": 0.0}",44.44,2666.4
AM-0429,37.43,3.96,17.62,7.4,6.03,3.54,34.89,15.02,81.71,92.25,33.77,-22.71,3.84,-14.28,-4.8,6.36,1.2,-10.22,0.08,-18.38,13.8,-2.46,98.13,QUIMIFOL 30 N,2.0,30.0,0.0,0.0,0.0,0.0,0.0,0.0,0.0,0.0,0.0,0.0,"{""N"": 30.0, ""P2O5"": 0.0, ""K2O"": 0.0, ""Ca"": 0.0, ""Mg"": 0.0, ""S"": 0.0, ""B"": 0.0, ""Cu"": 0.0, ""Fe"": 0.0, ""Mn"": 0.0, ""Zn"": 0.0}",63.58,3814.8
AM-0430,47.35,3.46,21.76,6.84,4.87,3.08,44.1,14.84,95.51,69.06,16.57,7.05,-8.16,10.56,-9.28,-7.56,-12.6,8.2,-0.64,-11.76,-4.75,-36.86,117.42,SULFATO DE ZINCO,3.8,0.0,0.0,0.0,0.0,0.0,10.0,0.0,0.0,0.0,0.0,20.0,"{""N"": 0.0, ""P2O5"": 0.0, ""K2O"": 0.0, ""Ca"": 0.0, ""Mg"": 0.0, ""S"": 10.0, ""B"": 0.0, ""Cu"": 0.0, ""Fe"": 0.0, ""Mn"": 0.0, ""Zn"": 20.0}",67.96,4077.6
AM-0431,44.29,4.13,21.93,7.97,4.73,2.79,35.88,13.15,122.68,69.82,39.13,-2.13,7.92,11.58,-0.24,-9.24,-21.3,-8.24,-7.4,1.29,-4.14,8.26,81.74,SULFAMAG,3.6,0.0,0.0,22.0,0.0,18.0,22.0,0.0,0.0,0.0,0.0,0.0,"{""N"": 0.0, ""P2O5"": 0.0, ""K2O"": 22.0, ""Ca"": 0.0, ""Mg"": 18.0, ""S"": 22.0, ""B"": 0.0, ""Cu"": 0.0, ""Fe"": 0.0, ""Mn"": 0.0, ""Zn"": 0.0}",64.62,3877.2
AM-0432,34.58,3.54,18.6,6.57,5.08,3.05,41.29,17.3,137.01,72.93,47.0,-31.26,-6.24,-8.4,-11.44,-5.04,-13.5,2.58,9.2,8.16,-1.66,24.0,121.48,QUIMIFOL 30 N,1.6,30.0,0.0,0.0,0.0,0.0,0.0,0.0,0.0,0.0,0.0,0.0,"{""N"": 30.0, ""P2O5"": 0.0, ""K2O"": 0.0, ""Ca"": 0.0, ""Mg"": 0.0, ""S"": 0.0, ""B"": 0.0, ""Cu"": 0.0, ""Fe"": 0.0, ""Mn"": 0.0, ""Zn"": 0.0}",61.15,3669.0
AM-0433,51.82,3.25,21.95,10.1,4.87,3.39,33.78,14.39,119.09,84.89,41.54,20.46,-13.2,11.7,16.8,-7.56,-3.3,-12.44,-2.44,-0.44,7.91,13.08,109.33,MAP PURIFICADO,2.7,12.0,61.0,0.0,0.0,0.0,0.0,0.0,0.0,0.0,0.0,0.0,"{""N"": 12.0, ""P2O5"": 61.0, ""K2O"": 0.0, ""Ca"": 0.0, ""Mg"": 0.0, ""S"": 0.0, ""B"": 0.0, ""Cu"": 0.0, ""Fe"": 0.0, ""Mn"": 0.0, ""Zn"": 0.0}",51.06,3063.6
AM-0434,48.83,3.51,20.78,9.24,5.59,3.27,36.81,16.16,130.32,70.61,19.29,11.49,-6.96,4.68,9.92,1.08,-6.9,-6.38,4.64,4.95,-3.51,-31.42,91.93,SULFATO DE ZINCO,1.5,0.0,0.0,0.0,0.0,0.0,10.0,0.0,0.0,0.0,0.0,20.0,"{""N"": 0.0, ""P2O5"": 0.0, ""K2O"": 0.0, ""Ca"": 0.0, ""Mg"": 0.0, ""S"": 10.0, ""B"": 0.0, ""Cu"": 0.0, ""Fe"": 0.0, ""Mn"": 0.0, ""Zn"": 20.0}",63.29,3797.4
AM-0435,43.07,4.35,23.92,8.68,5.58,3.51,25.69,17.24,123.35,81.43,30.73,-5.79,13.2,23.52,5.44,0.96,0.3,-28.62,8.96,1.61,5.14,-8.54,102.08,BORO 15,3.6,0.0,0.0,0.0,0.0,0.0,0.0,15.0,0.0,0.0,0.0,0.0,"{""N"": 0.0, ""P2O5"": 0.0, ""K2O"": 0.0, ""Ca"": 0.0, ""Mg"": 0.0, ""S"": 0.0, ""B"": 15.0, ""Cu"": 0.0, ""Fe"": 0.0, ""Mn"": 0.0, ""Zn"": 0.0}",63.97,3838.2
AM-0436,50.63,3.2,17.18,7.79,4.87,3.56,47.25,8.26,159.53,68.9,38.07,16.89,-14.4,-16.92,-1.68,-7.56,1.8,14.5,-26.96,18.97,-4.88,6.14,130.7,NENHUM,0.0,0.0,0.0,0.0,0.0,0.0,0.0,0.0,0.0,0.0,0.0,0.0,"{""N"": 0.0, ""P2O5"": 0.0, ""K2O"": 0.0, ""Ca"": 0.0, ""Mg"": 0.0, ""S"": 0.0, ""B"": 0.0, ""Cu"": 0.0, ""Fe"": 0.0, ""Mn"": 0.0, ""Zn"": 0.0}",40.95,2457.0
AM-0437,47.94,3.83,20.59,8.43,4.87,2.8,32.68,14.69,100.33,63.23,45.8,8.82,0.72,3.54,3.44,-7.56,-21.0,-14.64,-1.24,-9.44,-9.42,21.6,101.42,SULFAMAG,3.8,0.0,0.0,22.0,0.0,18.0,22.0,0.0,0.0,0.0,0.0,0.0,"{""N"": 0.0, ""P2O5"": 0.0, ""K2O"": 22.0, ""Ca"": 0.0, ""Mg"": 18.0, ""S"": 22.0, ""B"": 0.0, ""Cu"": 0.0, ""Fe"": 0.0, ""Mn"": 0.0, ""Zn"": 0.0}",62.79,3767.4
AM-0438,49.78,3.04,21.01,8.94,4.26,2.9,35.52,13.02,138.84,65.78,29.86,14.34,-18.24,6.06,7.52,-14.88,-18.0,-8.96,-7.92,9.04,-7.38,-10.28,122.62,MAP PURIFICADO,2.8,12.0,61.0,0.0,0.0,0.0,0.0,0.0,0.0,0.0,0.0,0.0,"{""N"": 12.0, ""P2O5"": 61.0, ""K2O"": 0.0, ""Ca"": 0.0, ""Mg"": 0.0, ""S"": 0.0, ""B"": 0.0, ""Cu"": 0.0, ""Fe"": 0.0, ""Mn"": 0.0, ""Zn"": 0.0}",50.64,3038.4
AM-0439,43.47,4.07,19.56,7.03,5.83,4.15,42.77,18.9,105.56,74.87,34.83,-4.59,6.48,-2.64,-7.76,3.96,19.5,5.54,15.6,-6.93,-0.1,-0.34,73.44,NENHUM,0.0,0.0,0.0,0.0,0.0,0.0,0.0,0.0,0.0,0.0,0.0,0.0,"{""N"": 0.0, ""P2O5"": 0.0, ""K2O"": 0.0, ""Ca"": 0.0, ""Mg"": 0.0, ""S"": 0.0, ""B"": 0.0, ""Cu"": 0.0, ""Fe"": 0.0, ""Mn"": 0.0, ""Zn"": 0.0}",55.73,3343.8
AM-0440,46.76,3.34,21.29,5.56,4.16,4.35,36.94,17.19,162.46,40.28,41.76,5.28,-11.04,7.74,-19.52,-16.08,25.5,-6.12,8.76,20.38,-27.78,13.52,161.72,SULFATO DE Mn 31%,2.5,0.0,0.0,0.0,0.0,0.0,18.0,0.0,0.0,0.0,31.0,0.0,"{""N"": 0.0, ""P2O5"": 0.0, ""K2O"": 0.0, ""Ca"": 0.0, ""Mg"": 0.0, ""S"": 18.0, ""B"": 0.0, ""Cu"": 0.0, ""Fe"": 0.0, ""Mn"": 31.0, ""Zn"": 0.0}",47.97,2878.2
AM-0441,41.11,4.0,19.65,8.96,5.44,2.92,40.45,18.15,119.27,86.63,28.73,-11.67,4.8,-2.1,7.68,-0.72,-17.4,0.9,12.6,-0.35,9.3,-12.54,80.06,SULFAMAG,3.5,0.0,0.0,22.0,0.0,18.0,22.0,0.0,0.0,0.0,0.0,0.0,"{""N"": 0.0, ""P2O5"": 0.0, ""K2O"": 22.0, ""Ca"": 0.0, ""Mg"": 18.0, ""S"": 22.0, ""B"": 0.0, ""Cu"": 0.0, ""Fe"": 0.0, ""Mn"": 0.0, ""Zn"": 0.0}",64.09,3845.4
AM-0442,46.59,3.67,24.04,8.35,5.05,3.63,37.43,15.28,89.56,74.87,32.13,4.77,-3.12,24.24,2.8,-5.4,3.9,-5.14,1.12,-14.61,-0.1,-5.74,70.94,NENHUM,0.0,0.0,0.0,0.0,0.0,0.0,0.0,0.0,0.0,0.0,0.0,0.0,"{""N"": 0.0, ""P2O5"": 0.0, ""K2O"": 0.0, ""Ca"": 0.0, ""Mg"": 0.0, ""S"": 0.0, ""B"": 0.0, ""Cu"": 0.0, ""Fe"": 0.0, ""Mn"": 0.0, ""Zn"": 0.0}",53.33,3199.8
AM-0443,52.9,3.26,20.01,6.8,5.8,2.99,45.04,21.11,99.01,93.25,32.71,23.7,-12.96,0.06,-9.6,3.6,-15.3,10.08,24.44,-10.08,14.6,-4.58,129.0,SULFAMAG,2.7,0.0,0.0,22.0,0.0,18.0,22.0,0.0,0.0,0.0,0.0,0.0,"{""N"": 0.0, ""P2O5"": 0.0, ""K2O"": 22.0, ""Ca"": 0.0, ""Mg"": 18.0, ""S"": 22.0, ""B"": 0.0, ""Cu"": 0.0, ""Fe"": 0.0, ""Mn"": 0.0, ""Zn"": 0.0}",52.39,3143.4
AM-0444,49.74,4.57,18.89,7.62,4.75,3.65,46.75,9.77,130.24,70.85,35.68,14.22,18.48,-6.66,-3.04,-9.0,4.5,13.5,-20.92,4.92,-3.32,1.36,99.92,NENHUM,0.0,0.0,0.0,0.0,0.0,0.0,0.0,0.0,0.0,0.0,0.0,0.0,"{""N"": 0.0, ""P2O5"": 0.0, ""K2O"": 0.0, ""Ca"": 0.0, ""Mg"": 0.0, ""S"": 0.0, ""B"": 0.0, ""Cu"": 0.0, ""Fe"": 0.0, ""Mn"": 0.0, ""Zn"": 0.0}",49.17,2950.2
AM-0445,44.25,3.75,19.57,9.46,5.92,3.59,32.37,13.86,142.47,75.57,38.96,-2.25,-1.2,-2.58,11.68,5.04,2.7,-15.26,-4.56,10.79,0.46,7.92,64.44,BORO 15,3.8,0.0,0.0,0.0,0.0,0.0,0.0,15.0,0.0,0.0,0.0,0.0,"{""N"": 0.0, ""P2O5"": 0.0, ""K2O"": 0.0, ""Ca"": 0.0, ""Mg"": 0.0, ""S"": 0.0, ""B"": 15.0, ""Cu"": 0.0, ""Fe"": 0.0, ""Mn"": 0.0, ""Zn"": 0.0}",71.85,4311.0
AM-0446,45.38,3.28,19.54,9.46,4.72,3.49,34.38,11.45,117.88,77.61,46.96,1.14,-12.48,-2.76,11.68,-9.36,-0.3,-11.24,-14.2,-1.02,2.09,23.92,90.19,NENHUM,0.0,0.0,0.0,0.0,0.0,0.0,0.0,0.0,0.0,0.0,0.0,0.0,"{""N"": 0.0, ""P2O5"": 0.0, ""K2O"": 0.0, ""Ca"": 0.0, ""Mg"": 0.0, ""S"": 0.0, ""B"": 0.0, ""Cu"": 0.0, ""Fe"": 0.0, ""Mn"": 0.0, ""Zn"": 0.0}",49.61,2976.6
AM-0447,44.8,3.17,21.22,8.6,6.99,3.94,42.11,13.59,125.12,73.33,40.72,-0.6,-15.12,7.32,4.8,17.88,13.2,4.22,-5.64,2.46,-1.34,11.44,84.02,MAP PURIFICADO,2.0,12.0,61.0,0.0,0.0,0.0,0.0,0.0,0.0,0.0,0.0,0.0,"{""N"": 12.0, ""P2O5"": 61.0, ""K2O"": 0.0, ""Ca"": 0.0, ""Mg"": 0.0, ""S"": 0.0, ""B"": 0.0, ""Cu"": 0.0, ""Fe"": 0.0, ""Mn"": 0.0, ""Zn"": 0.0}",62.7,3762.0
AM-0448,53.34,3.3,19.32,8.35,6.29,3.28,23.0,19.08,139.01,48.86,31.35,25.02,-12.0,-4.08,2.8,9.48,-6.6,-34.0,16.32,9.12,-20.91,-7.3,147.63,BORO 15,3.1,0.0,0.0,0.0,0.0,0.0,0.0,15.0,0.0,0.0,0.0,0.0,"{""N"": 0.0, ""P2O5"": 0.0, ""K2O"": 0.0, ""Ca"": 0.0, ""Mg"": 0.0, ""S"": 0.0, ""B"": 15.0, ""Cu"": 0.0, ""Fe"": 0.0, ""Mn"": 0.0, ""Zn"": 0.0}",58.63,3517.8
AM-0449,49.29,4.31,16.64,7.56,5.39,2.85,38.35,17.62,110.23,78.63,36.5,12.87,12.24,-20.16,-3.52,-1.32,-19.5,-3.3,10.48,-4.69,2.9,3.0,93.98,K-FOL,3.4,0.0,10.0,40.0,0.0,0.0,2.0,0.0,0.0,0.0,0.0,0.0,"{""N"": 0.0, ""P2O5"": 10.0, ""K2O"": 40.0, ""Ca"": 0.0, ""Mg"": 0.0, ""S"": 2.0, ""B"": 0.0, ""Cu"": 0.0, ""Fe"": 0.0, ""Mn"": 0.0, ""Zn"": 0.0}",61.81,3708.6
AM-0450,45.03,3.06,19.02,5.85,6.19,3.79,29.62,19.0,182.44,75.69,31.15,0.09,-17.76,-5.88,-17.2,8.28,8.7,-20.76,16.0,29.97,0.55,-7.7,132.89,BORO 15,2.8,0.0,0.0,0.0,0.0,0.0,0.0,15.0,0.0,0.0,0.0,0.0,"{""N"": 0.0, ""P2O5"": 0.0, ""K2O"": 0.0, ""Ca"": 0.0, ""Mg"": 0.0, ""S"": 0.0, ""B"": 15.0, ""Cu"": 0.0, ""Fe"": 0.0, ""Mn"": 0.0, ""Zn"": 0.0}",57.81,3468.6
AM-0451,46.8,3.57,17.83,8.18,5.35,3.7,40.34,11.64,105.58,63.93,24.7,5.4,-5.52,-13.02,1.44,-1.8,6.0,0.68,-13.44,-6.92,-8.86,-20.6,83.68,SULFATO DE ZINCO,3.5,0.0,0.0,0.0,0.0,0.0,10.0,0.0,0.0,0.0,0.0,20.0,"{""N"": 0.0, ""P2O5"": 0.0, ""K2O"": 0.0, ""Ca"": 0.0, ""Mg"": 0.0, ""S"": 10.0, ""B"": 0.0, ""Cu"": 0.0, ""Fe"": 0.0, ""Mn"": 0.0, ""Zn"": 20.0}",61.65,3699.0
AM-0452,39.93,3.72,20.14,5.38,5.83,3.08,50.27,16.57,110.0,63.82,34.37,-15.21,-1.92,0.84,-20.96,3.96,-12.6,20.54,6.28,-4.8,-8.94,-1.26,97.31,NENHUM,0.0,0.0,0.0,0.0,0.0,0.0,0.0,0.0,0.0,0.0,0.0,0.0,"{""N"": 0.0, ""P2O5"": 0.0, ""K2O"": 0.0, ""Ca"": 0.0, ""Mg"": 0.0, ""S"": 0.0, ""B"": 0.0, ""Cu"": 0.0, ""Fe"": 0.0, ""Mn"": 0.0, ""Zn"": 0.0}",50.29,3017.4
AM-0453,44.9,3.69,20.12,7.09,5.16,2.67,45.84,15.9,100.66,103.48,35.52,-0.3,-2.64,0.72,-7.28,-4.08,-24.9,11.68,3.6,-9.28,22.78,1.04,88.3,SULFAMAG,2.2,0.0,0.0,22.0,0.0,18.0,22.0,0.0,0.0,0.0,0.0,0.0,"{""N"": 0.0, ""P2O5"": 0.0, ""K2O"": 22.0, ""Ca"": 0.0, ""Mg"": 18.0, ""S"": 22.0, ""B"": 0.0, ""Cu"": 0.0, ""Fe"": 0.0, ""Mn"": 0.0, ""Zn"": 0.0}",62.36,3741.6
AM-0454,45.51,3.63,19.73,8.22,5.86,3.63,38.69,16.15,112.87,84.63,31.24,1.53,-4.08,-1.62,1.76,4.32,3.9,-2.62,4.6,-3.42,7.7,-7.52,43.07,SULFATO DE ZINCO,1.6,0.0,0.0,0.0,0.0,0.0,10.0,0.0,0.0,0.0,0.0,20.0,"{""N"": 0.0, ""P2O5"": 0.0, ""K2O"": 0.0, ""Ca"": 0.0, ""Mg"": 0.0, ""S"": 10.0, ""B"": 0.0, ""Cu"": 0.0, ""Fe"": 0.0, ""Mn"": 0.0, ""Zn"": 20.0}",68.05,4083.0
AM-0455,43.26,4.66,18.47,7.09,5.05,3.01,26.75,14.31,123.4,74.21,34.13,-5.22,20.64,-9.18,-7.28,-5.4,-14.7,-26.5,-2.76,1.63,-0.63,-1.74,95.68,BORO 15,2.6,0.0,0.0,0.0,0.0,0.0,0.0,15.0,0.0,0.0,0.0,0.0,"{""N"": 0.0, ""P2O5"": 0.0, ""K2O"": 0.0, ""Ca"": 0.0, ""Mg"": 0.0, ""S"": 0.0, ""B"": 15.0, ""Cu"": 0.0, ""Fe"": 0.0, ""Mn"": 0.0, ""Zn"": 0.0}",64.34,3860.4
AM-0456,43.48,4.16,20.43,7.5,6.79,4.28,32.53,16.57,197.25,79.2,35.69,-4.56,8.64,2.58,-4.0,15.48,23.4,-14.94,6.28,37.08,3.36,1.38,121.7,BORO 15,3.6,0.0,0.0,0.0,0.0,0.0,0.0,15.0,0.0,0.0,0.0,0.0,"{""N"": 0.0, ""P2O5"": 0.0, ""K2O"": 0.0, ""Ca"": 0.0, ""Mg"": 0.0, ""S"": 0.0, ""B"": 15.0, ""Cu"": 0.0, ""Fe"": 0.0, ""Mn"": 0.0, ""Zn"": 0.0}",50.93,3055.8
AM-0457,43.46,3.9,19.96,6.54,5.45,3.01,48.35,10.93,115.11,59.37,38.42,-4.62,2.4,-0.24,-11.68,-0.6,-14.7,16.7,-16.28,-2.35,-12.5,6.84,88.91,NENHUM,0.0,0.0,0.0,0.0,0.0,0.0,0.0,0.0,0.0,0.0,0.0,0.0,"{""N"": 0.0, ""P2O5"": 0.0, ""K2O"": 0.0, ""Ca"": 0.0, ""Mg"": 0.0, ""S"": 0.0, ""B"": 0.0, ""Cu"": 0.0, ""Fe"": 0.0, ""Mn"": 0.0, ""Zn"": 0.0}",50.28,3016.8
AM-0458,42.93,4.23,20.06,8.77,4.52,2.94,40.64,14.04,135.66,73.8,36.23,-6.21,10.32,0.36,6.16,-11.76,-16.8,1.28,-3.84,7.52,-0.96,2.46,67.67,SULFAMAG,2.7,0.0,0.0,22.0,0.0,18.0,22.0,0.0,0.0,0.0,0.0,0.0,"{""N"": 0.0, ""P2O5"": 0.0, ""K2O"": 22.0, ""Ca"": 0.0, ""Mg"": 18.0, ""S"": 22.0, ""B"": 0.0, ""Cu"": 0.0, ""Fe"": 0.0, ""Mn"": 0.0, ""Zn"": 0.0}",62.6,3756.0
AM-0459,43.44,3.89,18.85,7.08,4.72,3.74,31.54,16.09,65.39,79.1,40.09,-4.68,2.16,-6.9,-7.36,-9.36,7.2,-16.92,4.36,-26.21,3.28,10.18,98.61,NENHUM,0.0,0.0,0.0,0.0,0.0,0.0,0.0,0.0,0.0,0.0,0.0,0.0,"{""N"": 0.0, ""P2O5"": 0.0, ""K2O"": 0.0, ""Ca"": 0.0, ""Mg"": 0.0, ""S"": 0.0, ""B"": 0.0, ""Cu"": 0.0, ""Fe"": 0.0, ""Mn"": 0.0, ""Zn"": 0.0}",45.2,2712.0
AM-0460,47.71,3.83,23.2,6.72,8.32,2.54,38.02,9.9,166.28,71.07,33.97,8.13,0.72,19.2,-10.24,33.84,-28.8,-3.96,-20.4,22.21,-3.14,-2.06,152.7,SULFAMAG,1.6,0.0,0.0,22.0,0.0,18.0,22.0,0.0,0.0,0.0,0.0,0.0,"{""N"": 0.0, ""P2O5"": 0.0, ""K2O"": 22.0, ""Ca"": 0.0, ""Mg"": 18.0, ""S"": 22.0, ""B"": 0.0, ""Cu"": 0.0, ""Fe"": 0.0, ""Mn"": 0.0, ""Zn"": 0.0}",49.39,2963.4
AM-0461,57.39,3.67,21.02,7.03,5.8,3.4,37.54,20.46,149.43,77.05,21.17,37.17,-3.12,6.12,-7.76,3.6,-3.0,-4.92,21.84,14.13,1.64,-27.66,130.96,SULFATO DE ZINCO,2.7,0.0,0.0,0.0,0.0,0.0,10.0,0.0,0.0,0.0,0.0,20.0,"{""N"": 0.0, ""P2O5"": 0.0, ""K2O"": 0.0, ""Ca"": 0.0, ""Mg"": 0.0, ""S"": 10.0, ""B"": 0.0, ""Cu"": 0.0, ""Fe"": 0.0, ""Mn"": 0.0, ""Zn"": 20.0}",54.24,3254.4
AM-0462,39.84,3.96,20.58,9.01,4.72,3.6,34.32,15.78,121.33,62.69,44.35,-15.48,3.84,3.48,8.08,-9.36,3.0,-11.36,3.12,0.64,-9.85,18.7,86.91,QUIMIFOL 30 N,1.7,30.0,0.0,0.0,0.0,0.0,0.0,0.0,0.0,0.0,0.0,0.0,"{""N"": 30.0, ""P2O5"": 0.0, ""K2O"": 0.0, ""Ca"": 0.0, ""Mg"": 0.0, ""S"": 0.0, ""B"": 0.0, ""Cu"": 0.0, ""Fe"": 0.0, ""Mn"": 0.0, ""Zn"": 0.0}",55.55,3333.0
AM-0463,40.0,3.67,20.07,8.4,4.39,3.98,36.42,9.98,117.27,75.52,35.96,-15.0,-3.12,0.42,3.2,-13.32,14.4,-7.16,-20.08,-1.31,0.42,1.92,80.35,NENHUM,0.0,0.0,0.0,0.0,0.0,0.0,0.0,0.0,0.0,0.0,0.0,0.0,"{""N"": 0.0, ""P2O5"": 0.0, ""K2O"": 0.0, ""Ca"": 0.0, ""Mg"": 0.0, ""S"": 0.0, ""B"": 0.0, ""Cu"": 0.0, ""Fe"": 0.0, ""Mn"": 0.0, ""Zn"": 0.0}",56.91,3414.6
AM-0464,44.05,3.74,17.79,9.23,5.68,3.33,28.57,19.33,89.31,66.13,37.15,-2.85,-1.44,-13.26,9.84,2.16,-5.1,-22.86,17.32,-14.73,-7.1,4.3,100.96,BORO 15,2.6,0.0,0.0,0.0,0.0,0.0,0.0,15.0,0.0,0.0,0.0,0.0,"{""N"": 0.0, ""P2O5"": 0.0, ""K2O"": 0.0, ""Ca"": 0.0, ""Mg"": 0.0, ""S"": 0.0, ""B"": 15.0, ""Cu"": 0.0, ""Fe"": 0.0, ""Mn"": 0.0, ""Zn"": 0.0}",57.7,3462.0
AM-0465,38.52,3.62,19.88,9.96,3.63,3.67,34.66,16.88,97.33,98.58,29.59,-19.44,-4.32,-0.72,15.68,-22.44,5.1,-10.68,7.52,-10.88,18.86,-10.82,126.46,SULFAMAG,2.4,0.0,0.0,22.0,0.0,18.0,22.0,0.0,0.0,0.0,0.0,0.0,"{""N"": 0.0, ""P2O5"": 0.0, ""K2O"": 22.0, ""Ca"": 0.0, ""Mg"": 18.0, ""S"": 22.0, ""B"": 0.0, ""Cu"": 0.0, ""Fe"": 0.0, ""Mn"": 0.0, ""Zn"": 0.0}",46.96,2817.6
AM-0466,43.8,3.48,22.49,9.84,5.17,2.78,36.6,13.2,103.57,64.53,31.08,-3.6,-7.68,14.94,14.72,-3.96,-21.6,-6.8,-7.2,-7.89,-8.38,-7.84,104.61,SULFAMAG,3.1,0.0,0.0,22.0,0.0,18.0,22.0,0.0,0.0,0.0,0.0,0.0,"{""N"": 0.0, ""P2O5"": 0.0, ""K2O"": 22.0, ""Ca"": 0.0, ""Mg"": 18.0, ""S"": 22.0, ""B"": 0.0, ""Cu"": 0.0, ""Fe"": 0.0, ""Mn"": 0.0, ""Zn"": 0.0}",58.48,3508.8
AM-0467,39.56,4.41,20.98,10.65,6.28,2.99,40.58,11.95,78.71,68.29,40.89,-16.32,14.64,5.88,21.2,9.36,-15.3,1.16,-12.2,-19.82,-5.37,11.78,133.03,NENHUM,0.0,0.0,0.0,0.0,0.0,0.0,0.0,0.0,0.0,0.0,0.0,0.0,"{""N"": 0.0, ""P2O5"": 0.0, ""K2O"": 0.0, ""Ca"": 0.0, ""Mg"": 0.0, ""S"": 0.0, ""B"": 0.0, ""Cu"": 0.0, ""Fe"": 0.0, ""Mn"": 0.0, ""Zn"": 0.0}",39.44,2366.4
AM-0468,39.44,3.56,19.71,5.47,6.21,3.41,31.66,10.66,147.52,69.29,42.14,-16.68,-5.76,-1.74,-20.24,8.52,-2.7,-16.68,-17.36,13.21,-4.57,14.28,121.74,NENHUM,0.0,0.0,0.0,0.0,0.0,0.0,0.0,0.0,0.0,0.0,0.0,0.0,"{""N"": 0.0, ""P2O5"": 0.0, ""K2O"": 0.0, ""Ca"": 0.0, ""Mg"": 0.0, ""S"": 0.0, ""B"": 0.0, ""Cu"": 0.0, ""Fe"": 0.0, ""Mn"": 0.0, ""Zn"": 0.0}",45.84,2750.4
AM-0469,49.09,3.53,15.0,8.47,7.59,3.49,28.06,12.98,115.41,58.53,19.62,12.27,-6.48,-30.0,3.76,25.08,-0.3,-23.88,-8.08,-2.2,-13.18,-30.76,155.99,SULFATO DE ZINCO,3.2,0.0,0.0,0.0,0.0,0.0,10.0,0.0,0.0,0.0,0.0,20.0,"{""N"": 0.0, ""P2O5"": 0.0, ""K2O"": 0.0, ""Ca"": 0.0, ""Mg"": 0.0, ""S"": 10.0, ""B"": 0.0, ""Cu"": 0.0, ""Fe"": 0.0, ""Mn"": 0.0, ""Zn"": 20.0}",50.35,3021.0
AM-0470,47.02,3.76,22.52,8.61,5.27,3.14,44.79,9.38,136.15,58.51,42.51,6.06,-0.96,15.12,4.88,-2.76,-10.8,9.58,-22.48,7.75,-13.19,15.02,108.6,NENHUM,0.0,0.0,0.0,0.0,0.0,0.0,0.0,0.0,0.0,0.0,0.0,0.0,"{""N"": 0.0, ""P2O5"": 0.0, ""K2O"": 0.0, ""Ca"": 0.0, ""Mg"": 0.0, ""S"": 0.0, ""B"": 0.0, ""Cu"": 0.0, ""Fe"": 0.0, ""Mn"": 0.0, ""Zn"": 0.0}",46.0,2760.0
AM-0471,47.58,3.84,16.5,6.71,6.17,3.57,47.09,16.21,95.83,63.06,35.62,7.74,0.96,-21.0,-10.32,8.04,2.1,14.18,4.84,-11.6,-9.55,1.24,91.57,K-FOL,2.9,0.0,10.0,40.0,0.0,0.0,2.0,0.0,0.0,0.0,0.0,0.0,"{""N"": 0.0, ""P2O5"": 10.0, ""K2O"": 40.0, ""Ca"": 0.0, ""Mg"": 0.0, ""S"": 2.0, ""B"": 0.0, ""Cu"": 0.0, ""Fe"": 0.0, ""Mn"": 0.0, ""Zn"": 0.0}",56.77,3406.2
AM-0472,41.64,4.46,22.71,10.69,7.59,3.78,37.9,14.39,112.7,68.94,42.44,-10.08,15.84,16.26,21.52,25.08,8.4,-4.2,-2.44,-3.5,-4.85,14.88,127.05,QUIMIFOL 30 N,3.3,30.0,0.0,0.0,0.0,0.0,0.0,0.0,0.0,0.0,0.0,0.0,"{""N"": 30.0, ""P2O5"": 0.0, ""K2O"": 0.0, ""Ca"": 0.0, ""Mg"": 0.0, ""S"": 0.0, ""B"": 0.0, ""Cu"": 0.0, ""Fe"": 0.0, ""Mn"": 0.0, ""Zn"": 0.0}",46.46,2787.6
AM-0473,42.6,4.38,16.67,5.76,5.64,3.51,35.7,17.43,133.27,87.87,34.26,-7.2,13.92,-19.98,-17.92,1.68,0.3,-8.6,9.72,6.37,10.3,-1.48,97.47,K-FOL,3.2,0.0,10.0,40.0,0.0,0.0,2.0,0.0,0.0,0.0,0.0,0.0,"{""N"": 0.0, ""P2O5"": 10.0, ""K2O"": 40.0, ""Ca"": 0.0, ""Mg"": 0.0, ""S"": 2.0, ""B"": 0.0, ""Cu"": 0.0, ""Fe"": 0.0, ""Mn"": 0.0, ""Zn"": 0.0}",62.08,3724.8
AM-0474,53.83,3.5,17.32,7.67,8.74,3.86,43.62,17.39,100.76,79.89,35.02,26.49,-7.2,-16.08,-2.64,38.88,10.8,7.24,9.56,-9.24,3.91,0.04,132.08,K-FOL,3.7,0.0,10.0,40.0,0.0,0.0,2.0,0.0,0.0,0.0,0.0,0.0,"{""N"": 0.0, ""P2O5"": 10.0, ""K2O"": 40.0, ""Ca"": 0.0, ""Mg"": 0.0, ""S"": 2.0, ""B"": 0.0, ""Cu"": 0.0, ""Fe"": 0.0, ""Mn"": 0.0, ""Zn"": 0.0}",53.45,3207.0
AM-0475,47.74,2.72,20.89,7.04,7.15,3.75,41.44,16.46,95.04,99.35,46.95,8.22,-25.92,5.34,-7.68,19.8,7.5,2.88,5.84,-11.98,19.48,23.9,138.54,MAP PURIFICADO,2.5,12.0,61.0,0.0,0.0,0.0,0.0,0.0,0.0,0.0,0.0,0.0,"{""N"": 12.0, ""P2O5"": 61.0, ""K2O"": 0.0, ""Ca"": 0.0, ""Mg"": 0.0, ""S"": 0.0, ""B"": 0.0, ""Cu"": 0.0, ""Fe"": 0.0, ""Mn"": 0.0, ""Zn"": 0.0}",52.77,3166.2
AM-0476,45.66,4.67,21.0,9.13,6.44,3.01,41.84,11.29,112.88,84.6,28.85,1.98,20.88,6.0,9.04,11.28,-14.7,3.68,-14.84,-3.42,7.68,-12.3,105.8,NENHUM,0.0,0.0,0.0,0.0,0.0,0.0,0.0,0.0,0.0,0.0,0.0,0.0,"{""N"": 0.0, ""P2O5"": 0.0, ""K2O"": 0.0, ""Ca"": 0.0, ""Mg"": 0.0, ""S"": 0.0, ""B"": 0.0, ""Cu"": 0.0, ""Fe"": 0.0, ""Mn"": 0.0, ""Zn"": 0.0}",47.77,2866.2
AM-0477,39.01,4.37,18.67,6.46,4.06,3.27,28.55,13.35,147.49,72.17,27.93,-17.97,13.68,-7.98,-12.32,-17.28,-6.9,-22.9,-6.6,13.2,-2.26,-14.14,135.23,BORO 15,3.2,0.0,0.0,0.0,0.0,0.0,0.0,15.0,0.0,0.0,0.0,0.0,"{""N"": 0.0, ""P2O5"": 0.0, ""K2O"": 0.0, ""Ca"": 0.0, ""Mg"": 0.0, ""S"": 0.0, ""B"": 15.0, ""Cu"": 0.0, ""Fe"": 0.0, ""Mn"": 0.0, ""Zn"": 0.0}",52.3,3138.0
AM-0478,53.71,3.9,19.71,9.45,5.75,3.66,54.95,14.17,112.06,76.75,41.43,26.13,2.4,-1.74,11.6,3.0,4.8,29.9,-3.32,-3.81,1.4,12.86,100.96,NENHUM,0.0,0.0,0.0,0.0,0.0,0.0,0.0,0.0,0.0,0.0,0.0,0.0,"{""N"": 0.0, ""P2O5"": 0.0, ""K2O"": 0.0, ""Ca"": 0.0, ""Mg"": 0.0, ""S"": 0.0, ""B"": 0.0, ""Cu"": 0.0, ""Fe"": 0.0, ""Mn"": 0.0, ""Zn"": 0.0}",43.96,2637.6
AM-0479,37.14,3.51,16.73,7.36,6.0,3.14,31.44,15.21,141.56,49.58,39.92,-23.58,-6.96,-19.62,-5.12,6.0,-10.8,-17.12,0.84,10.35,-20.34,9.84,130.57,QUIMIFOL 30 N,3.3,30.0,0.0,0.0,0.0,0.0,0.0,0.0,0.0,0.0,0.0,0.0,"{""N"": 30.0, ""P2O5"": 0.0, ""K2O"": 0.0, ""Ca"": 0.0, ""Mg"": 0.0, ""S"": 0.0, ""B"": 0.0, ""Cu"": 0.0, ""Fe"": 0.0, ""Mn"": 0.0, ""Zn"": 0.0}",55.6,3336.0
AM-0480,43.88,4.83,19.29,8.16,6.8,3.73,26.55,15.02,141.55,54.85,39.5,-3.36,24.72,-4.26,1.28,15.6,6.9,-26.9,0.08,10.34,-16.12,9.0,118.56,BORO 15,2.4,0.0,0.0,0.0,0.0,0.0,0.0,15.0,0.0,0.0,0.0,0.0,"{""N"": 0.0, ""P2O5"": 0.0, ""K2O"": 0.0, ""Ca"": 0.0, ""Mg"": 0.0, ""S"": 0.0, ""B"": 15.0, ""Cu"": 0.0, ""Fe"": 0.0, ""Mn"": 0.0, ""Zn"": 0.0}",58.79,3527.4
AM-0481,46.36,4.55,20.15,9.54,8.14,3.74,40.3,17.17,110.87,110.82,36.08,4.08,18.0,0.9,12.32,31.68,7.2,0.6,8.68,-4.38,28.66,2.16,118.66,NENHUM,0.0,0.0,0.0,0.0,0.0,0.0,0.0,0.0,0.0,0.0,0.0,0.0,"{""N"": 0.0, ""P2O5"": 0.0, ""K2O"": 0.0, ""Ca"": 0.0, ""Mg"": 0.0, ""S"": 0.0, ""B"": 0.0, ""Cu"": 0.0, ""Fe"": 0.0, ""Mn"": 0.0, ""Zn"": 0.0}",42.09,2525.4
AM-0482,41.66,4.35,21.73,7.25,6.08,2.9,41.11,16.36,162.68,63.44,27.33,-10.02,13.2,10.38,-6.0,6.96,-18.0,2.22,5.44,20.49,-9.25,-15.34,117.3,SULFAMAG,4.0,0.0,0.0,22.0,0.0,18.0,22.0,0.0,0.0,0.0,0.0,0.0,"{""N"": 0.0, ""P2O5"": 0.0, ""K2O"": 22.0, ""Ca"": 0.0, ""Mg"": 18.0, ""S"": 22.0, ""B"": 0.0, ""Cu"": 0.0, ""Fe"": 0.0, ""Mn"": 0.0, ""Zn"": 0.0}",52.26,3135.6
AM-0483,47.96,4.44,19.11,7.79,5.56,3.31,41.35,19.74,87.58,65.14,30.41,8.88,15.36,-5.34,-1.68,0.72,-5.7,2.7,18.96,-15.56,-7.89,-9.18,91.97,NENHUM,0.0,0.0,0.0,0.0,0.0,0.0,0.0,0.0,0.0,0.0,0.0,0.0,"{""N"": 0.0, ""P2O5"": 0.0, ""K2O"": 0.0, ""Ca"": 0.0, ""Mg"": 0.0, ""S"": 0.0, ""B"": 0.0, ""Cu"": 0.0, ""Fe"": 0.0, ""Mn"": 0.0, ""Zn"": 0.0}",50.01,3000.6
AM-0484,44.46,4.19,20.07,8.45,5.9,3.6,44.22,14.63,161.16,113.12,39.24,-1.62,9.36,0.42,3.6,4.8,3.0,8.44,-1.48,19.76,30.5,8.48,91.46,NENHUM,0.0,0.0,0.0,0.0,0.0,0.0,0.0,0.0,0.0,0.0,0.0,0.0,"{""N"": 0.0, ""P2O5"": 0.0, ""K2O"": 0.0, ""Ca"": 0.0, ""Mg"": 0.0, ""S"": 0.0, ""B"": 0.0, ""Cu"": 0.0, ""Fe"": 0.0, ""Mn"": 0.0, ""Zn"": 0.0}",50.96,3057.6
AM-0485,47.5,3.25,20.36,6.9,6.01,3.21,37.93,9.38,90.67,80.32,29.79,7.5,-13.2,2.16,-8.8,6.12,-8.7,-4.14,-22.48,-14.08,4.26,-10.42,101.86,NENHUM,0.0,0.0,0.0,0.0,0.0,0.0,0.0,0.0,0.0,0.0,0.0,0.0,"{""N"": 0.0, ""P2O5"": 0.0, ""K2O"": 0.0, ""Ca"": 0.0, ""Mg"": 0.0, ""S"": 0.0, ""B"": 0.0, ""Cu"": 0.0, ""Fe"": 0.0, ""Mn"": 0.0, ""Zn"": 0.0}",50.14,3008.4
AM-0486,41.18,4.03,18.48,8.58,3.97,3.32,34.92,17.65,131.56,56.51,33.78,-11.46,5.52,-9.12,4.64,-18.36,-5.4,-10.16,10.6,5.55,-14.79,-2.44,98.04,SULFAMAG,3.3,0.0,0.0,22.0,0.0,18.0,22.0,0.0,0.0,0.0,0.0,0.0,"{""N"": 0.0, ""P2O5"": 0.0, ""K2O"": 22.0, ""Ca"": 0.0, ""Mg"": 18.0, ""S"": 22.0, ""B"": 0.0, ""Cu"": 0.0, ""Fe"": 0.0, ""Mn"": 0.0, ""Zn"": 0.0}",57.61,3456.6
AM-0487,49.69,4.55,18.37,5.82,5.8,3.28,51.21,15.1,99.95,57.79,41.54,14.07,18.0,-9.78,-17.44,3.6,-6.6,22.42,0.4,-9.62,-13.77,13.08,128.78,NENHUM,0.0,0.0,0.0,0.0,0.0,0.0,0.0,0.0,0.0,0.0,0.0,0.0,"{""N"": 0.0, ""P2O5"": 0.0, ""K2O"": 0.0, ""Ca"": 0.0, ""Mg"": 0.0, ""S"": 0.0, ""B"": 0.0, ""Cu"": 0.0, ""Fe"": 0.0, ""Mn"": 0.0, ""Zn"": 0.0}",38.51,2310.6
AM-0488,45.18,4.28,19.03,7.93,5.48,3.77,43.54,14.34,121.59,69.42,26.13,0.54,11.52,-5.82,-0.56,-0.24,8.1,7.08,-2.64,0.76,-4.46,-17.74,59.46,SULFATO DE ZINCO,2.6,0.0,0.0,0.0,0.0,0.0,10.0,0.0,0.0,0.0,0.0,20.0,"{""N"": 0.0, ""P2O5"": 0.0, ""K2O"": 0.0, ""Ca"": 0.0, ""Mg"": 0.0, ""S"": 10.0, ""B"": 0.0, ""Cu"": 0.0, ""Fe"": 0.0, ""Mn"": 0.0, ""Zn"": 20.0}",70.05,4203.0
AM-0489,50.16,4.23,19.02,7.08,4.78,3.36,41.9,13.3,109.01,84.62,26.11,15.48,10.32,-5.88,-7.36,-8.64,-4.2,3.8,-6.8,-5.28,7.7,-17.78,93.24,SULFATO DE ZINCO,2.8,0.0,0.0,0.0,0.0,0.0,10.0,0.0,0.0,0.0,0.0,20.0,"{""N"": 0.0, ""P2O5"": 0.0, ""K2O"": 0.0, ""Ca"": 0.0, ""Mg"": 0.0, ""S"": 10.0, ""B"": 0.0, ""Cu"": 0.0, ""Fe"": 0.0, ""Mn"": 0.0, ""Zn"": 20.0}",59.19,3551.4
AM-0490,45.57,4.24,17.5,5.7,7.08,3.26,46.82,14.54,115.95,81.58,29.7,1.71,10.56,-15.0,-18.4,18.96,-7.2,13.64,-1.84,-1.94,5.26,-10.6,105.11,NENHUM,0.0,0.0,0.0,0.0,0.0,0.0,0.0,0.0,0.0,0.0,0.0,0.0,"{""N"": 0.0, ""P2O5"": 0.0, ""K2O"": 0.0, ""Ca"": 0.0, ""Mg"": 0.0, ""S"": 0.0, ""B"": 0.0, ""Cu"": 0.0, ""Fe"": 0.0, ""Mn"": 0.0, ""Zn"": 0.0}",46.9,2814.0
AM-0491,43.47,3.14,20.67,7.61,5.34,3.02,49.55,17.63,144.1,70.42,24.62,-4.59,-15.84,4.02,-3.12,-1.92,-14.4,19.1,10.52,11.57,-3.66,-20.76,109.5,SULFATO DE ZINCO,1.7,0.0,0.0,0.0,0.0,0.0,10.0,0.0,0.0,0.0,0.0,20.0,"{""N"": 0.0, ""P2O5"": 0.0, ""K2O"": 0.0, ""Ca"": 0.0, ""Mg"": 0.0, ""S"": 10.0, ""B"": 0.0, ""Cu"": 0.0, ""Fe"": 0.0, ""Mn"": 0.0, ""Zn"": 20.0}",61.15,3669.0
AM-0492,50.26,3.73,22.25,8.58,4.46,3.49,45.89,17.01,118.99,46.62,24.22,15.78,-1.68,13.5,4.64,-12.48,-0.3,11.78,8.04,-0.48,-22.7,-21.56,112.94,SULFATO DE Mn 31%,2.1,0.0,0.0,0.0,0.0,0.0,18.0,0.0,0.0,0.0,31.0,0.0,"{""N"": 0.0, ""P2O5"": 0.0, ""K2O"": 0.0, ""Ca"": 0.0, ""Mg"": 0.0, ""S"": 18.0, ""B"": 0.0, ""Cu"": 0.0, ""Fe"": 0.0, ""Mn"": 31.0, ""Zn"": 0.0}",52.78,3166.8
AM-0493,43.8,3.62,18.9,6.35,7.79,4.25,33.03,19.75,110.01,76.94,34.62,-3.6,-4.32,-6.6,-13.2,27.48,22.5,-13.94,19.0,-4.8,1.55,-0.76,117.75,BORO 15,2.9,0.0,0.0,0.0,0.0,0.0,0.0,15.0,0.0,0.0,0.0,0.0,"{""N"": 0.0, ""P2O5"": 0.0, ""K2O"": 0.0, ""Ca"": 0.0, ""Mg"": 0.0, ""S"": 0.0, ""B"": 15.0, ""Cu"": 0.0, ""Fe"": 0.0, ""Mn"": 0.0, ""Zn"": 0.0}",49.47,2968.2
AM-0494,42.98,4.08,16.79,6.61,4.41,3.38,48.53,15.05,108.42,31.74,37.8,-6.06,6.72,-19.26,-11.12,-13.08,-3.6,17.06,0.2,-5.56,-34.61,5.6,122.87,SULFATO DE Mn 31%,2.7,0.0,0.0,0.0,0.0,0.0,18.0,0.0,0.0,0.0,31.0,0.0,"{""N"": 0.0, ""P2O5"": 0.0, ""K2O"": 0.0, ""Ca"": 0.0, ""Mg"": 0.0, ""S"": 18.0, ""B"": 0.0, ""Cu"": 0.0, ""Fe"": 0.0, ""Mn"": 31.0, ""Zn"": 0.0}",63.35,3801.0
AM-0495,47.08,3.64,17.15,8.59,6.33,3.25,41.75,13.91,115.4,37.68,33.67,6.24,-3.84,-17.1,4.72,9.96,-7.5,3.5,-4.36,-2.21,-29.86,-2.66,91.95,SULFATO DE Mn 31%,2.8,0.0,0.0,0.0,0.0,0.0,18.0,0.0,0.0,0.0,31.0,0.0,"{""N"": 0.0, ""P2O5"": 0.0, ""K2O"": 0.0, ""Ca"": 0.0, ""Mg"": 0.0, ""S"": 18.0, ""B"": 0.0, ""Cu"": 0.0, ""Fe"": 0.0, ""Mn"": 31.0, ""Zn"": 0.0}",69.88,4192.8
AM-0496,48.17,3.24,23.53,6.4,4.65,3.72,43.95,13.66,129.29,82.43,37.36,9.51,-13.44,21.18,-12.8,-10.2,6.6,7.9,-5.36,4.46,5.94,4.72,102.11,MAP PURIFICADO,3.4,12.0,61.0,0.0,0.0,0.0,0.0,0.0,0.0,0.0,0.0,0.0,"{""N"": 12.0, ""P2O5"": 61.0, ""K2O"": 0.0, ""Ca"": 0.0, ""Mg"": 0.0, ""S"": 0.0, ""B"": 0.0, ""Cu"": 0.0, ""Fe"": 0.0, ""Mn"": 0.0, ""Zn"": 0.0}",54.5,3270.0
AM-0497,38.22,4.3,18.86,7.46,8.14,3.62,37.68,8.38,154.74,54.82,28.98,-20.34,12.0,-6.84,-4.32,31.68,3.6,-4.64,-26.48,16.68,-16.14,-12.04,154.76,NENHUM,0.0,0.0,0.0,0.0,0.0,0.0,0.0,0.0,0.0,0.0,0.0,0.0,"{""N"": 0.0, ""P2O5"": 0.0, ""K2O"": 0.0, ""Ca"": 0.0, ""Mg"": 0.0, ""S"": 0.0, ""B"": 0.0, ""Cu"": 0.0, ""Fe"": 0.0, ""Mn"": 0.0, ""Zn"": 0.0}",38.0,2280.0
AM-0498,50.67,4.19,19.68,8.46,4.9,3.56,40.44,17.91,144.18,82.41,32.83,17.01,9.36,-1.92,3.68,-7.2,1.8,0.88,11.64,11.61,5.93,-4.34,75.37,SULFAMAG,1.8,0.0,0.0,22.0,0.0,18.0,22.0,0.0,0.0,0.0,0.0,0.0,"{""N"": 0.0, ""P2O5"": 0.0, ""K2O"": 22.0, ""Ca"": 0.0, ""Mg"": 18.0, ""S"": 22.0, ""B"": 0.0, ""Cu"": 0.0, ""Fe"": 0.0, ""Mn"": 0.0, ""Zn"": 0.0}",60.57,3634.2
AM-0499,54.57,3.42,19.84,7.32,4.46,3.67,40.22,17.73,140.26,88.51,29.49,28.71,-9.12,-0.96,-5.44,-12.48,5.1,0.44,10.92,9.72,10.81,-11.02,104.72,SULFAMAG,2.0,0.0,0.0,22.0,0.0,18.0,22.0,0.0,0.0,0.0,0.0,0.0,"{""N"": 0.0, ""P2O5"": 0.0, ""K2O"": 22.0, ""Ca"": 0.0, ""Mg"": 18.0, ""S"": 22.0, ""B"": 0.0, ""Cu"": 0.0, ""Fe"": 0.0, ""Mn"": 0.0, ""Zn"": 0.0}",55.02,3301.2
AM-0500,40.84,4.15,22.9,7.53,5.26,4.09,43.03,16.31,90.23,85.18,29.43,-12.48,8.4,17.4,-3.76,-2.88,17.7,6.06,5.24,-14.29,8.14,-11.14,107.49,NENHUM,0.0,0.0,0.0,0.0,0.0,0.0,0.0,0.0,0.0,0.0,0.0,0.0,"{""N"": 0.0, ""P2O5"": 0.0, ""K2O"": 0.0, ""Ca"": 0.0, ""Mg"": 0.0, ""S"": 0.0, ""B"": 0.0, ""Cu"": 0.0, ""Fe"": 0.0, ""Mn"": 0.0, ""Zn"": 0.0}",43.07,2584.2
